Metric,MethylHiC_N,MethylHiC_Median,MethylHiC_Mean,MethylHiC_Std,MethylHiC_Min,MethylHiC_Max,snm3C-seq3_N,snm3C-seq3_Median,snm3C-seq3_Mean,snm3C-seq3_Std,snm3C-seq3_Min,snm3C-seq3_Max,methylhic_new_N,methylhic_new_Median,methylhic_new_Mean,methylhic_new_Std,methylhic_new_Min,methylhic_new_Max,scnomehic_N,scnomehic_Median,scnomehic_Mean,scnomehic_Std,scnomehic_Min,scnomehic_Max
CellInputReadPairs,59,19980493.0,27843798.372881357,25160463.05352574,7944.0,124590656.0,100,1752912.0,1800432.52,830168.7887768497,136693.0,4105098.0,96,237893.0,1201721.4479166667,2823935.24847043,11532.0,17489634.0,188,6813935.0,7034107.643617021,2452429.3390442776,1980360.0,14105883.0
CisLongContact,59,19286.0,34102.83050847457,36267.11323763538,3.0,152676.0,100,10576.0,10831.98,4621.340712325152,761.0,25368.0,96,1373.5,10050.239583333334,28811.197410489658,33.0,187882.0,188,33153.0,35452.335106382976,16836.98606405932,28.0,95399.0
CisLongRatio,59,0.0722223344529882,0.06784412241624309,0.01888633741134161,0.0142180094786729,0.0971009726709632,100,0.01320059902821765,0.013405116354539129,0.0016488140263314975,0.009417317835627,0.0189440527973601,96,0.07883620787393786,0.07986121435493802,0.013704702648134058,0.0388585705832073,0.1157256182921138,188,0.0282571297232441,0.028529853862624566,0.005757332546150648,0.0049452490286117,0.0438665893195467
CisShortRatio,59,0.8580771559861788,0.8641232755718281,0.047654955601201726,0.7966379327006706,0.9478672985781992,100,0.9720442217097607,0.9716053003972803,0.002747137486597908,0.9537414386686294,0.9781055634934216,96,0.8310309600819112,0.8342869010761254,0.018207924837208327,0.7879609544468547,0.9071602340719312,188,0.9402193275607238,0.940076937143897,0.005427411224844887,0.9279507210532408,0.9814553161427058
FinalmCReads,59,943090.0,1909196.6440677966,2225747.157765879,462.0,9014464.0,100,1824561.0,1813415.15,698434.9504495909,123296.0,3495023.0,96,73253.0,345394.46875,904210.8421989448,3100.0,5153160.0,188,2438660.5,2623535.936170213,1070045.8429097536,13559.0,6871140.0
GenomeCov,59,0.0213144057345257,0.04024976560346187,0.04562059696888127,1.074125862637445e-05,0.1815815003549852,100,0.0682590360978259,0.06736643401990791,0.024778411845576945,0.0046899466763465,0.1246909822870357,96,0.0021461995943464996,0.00816411768784145,0.020037477316911984,9.422461243363049e-05,0.117012459247768,188,0.0681486957192973,0.0726744671702331,0.027421410026090606,0.0003527884924657,0.1729369598464428
LambdaCYFrac,59,0.0,0.0,0.0,0.0,0.0,100,0.0,0.0,0.0,0.0,0.0,96,0.0,0.0,0.0,0.0,0.0,188,0.0,0.0,0.0,0.0,0.0
R1DuplicationRate,59,18.843254091591252,20.19550903873963,11.90823554365572,1.098901098901095,43.37343830619594,100,26.882404802664205,27.122817933214588,5.815099424456314,18.3826576434323,40.41832097724372,96,11.454499575196952,15.448011021133837,14.688323303260486,0.1055223355610257,63.9181123412236,188,62.03814207421047,61.32717341411303,5.317955962818733,47.732485018865134,75.48421056847623
R1MappingRate,59,10.07056346412175,12.401067137005391,6.131252239606639,5.61535487314533,30.821801474759603,100,75.90704414484497,75.5176783145266,2.5620894134367225,59.69450506673514,80.5905979067764,96,32.86525842723848,35.567815858194045,15.25031667406952,10.73149187302373,84.22515635858235,188,71.37683383107117,70.899868972324,7.084209316490601,1.4838208964399056,81.26116494533322
R1MappingRateMapQ30,59,6.701183098497479,7.838511121425563,3.4267597980316755,4.078977301044516,18.090385140303063,100,68.39357696704224,68.06490860581444,2.5601384794660573,53.09201290392046,73.0852021738732,96,27.84978518725697,30.33486688456504,13.185362545601226,9.135967364077445,73.08914235439688,188,63.89769640848148,63.536181965119816,6.371883375996166,1.2778840760122026,72.78261075089551
R1TrimmedReads,59,9235146.0,11026875.152542373,8504990.38274867,2685.0,32559220.0,100,1703016.0,1768837.05,820006.2263822292,135589.0,4026115.0,96,183005.0,807452.5208333334,1820951.655847568,9600.0,10712456.0,188,4670563.0,4939000.404255319,2025914.991034988,910959.0,11474044.0
R2DuplicationRate,59,31.94161054752485,34.06189157130628,23.075353257660176,1.8823529411764683,70.96395252283496,100,27.216014238599048,27.42704103482026,6.056421261380682,18.27496255235028,41.461356076734255,96,5.377480554362002,7.825669359605077,7.33908495163255,0.0,37.92582479072474,188,62.107811552524666,61.53913766269036,5.380859010130473,48.03726726368029,75.81125909316835
R2MappingRate,59,10.451461713600327,11.726277173073074,4.541994216480501,6.251993620414672,28.509309073681383,100,69.61973783717859,69.16509554273458,2.401683221686858,54.50226572037493,74.35230832030403,96,9.880073647096507,12.554402072261903,9.163039069719456,1.4470378898890517,45.46946987819735,188,68.22595144342745,67.74228851748398,6.966834810222037,1.380690568955711,78.56706183809531
R2MappingRateMapQ30,59,7.336552222829643,8.795209879405972,3.5039955808130823,5.103668261562999,22.03803008208908,100,60.91632970962286,60.598625807419346,2.2535722552719912,47.2550642471394,65.40339141800294,96,8.96637501241646,11.194643260525014,8.044439843917592,1.4247958970064896,40.42049332957881,188,60.95957648658781,60.559684405784004,6.254190458123864,1.1712916907202002,70.20306698031534
R2TrimmedReads,59,9277046.0,11143807.338983051,8575100.77258234,2883.0,33238203.0,100,1704288.5,1769818.76,820395.2500681648,135371.0,4027404.0,96,205278.0,869528.5729166666,1923247.0777689582,10833.0,11499521.0,188,4737275.0,4995306.781914894,2031206.1779046145,938878.0,11527228.0
TotalContacts,59,251531.0,570927.186440678,750576.4252981578,117.0,3081120.0,100,813082.0,815574.26,330355.98792268947,54347.0,1644768.0,96,16740.5,122974.71875,347416.7084664725,461.0,2071340.0,376,2831.0,610282.2686170213,706289.0548648607,0.0,3200577.0
TransContact,59,23611.0,27306.661016949154,20926.228739608567,5.0,89783.0,100,11717.5,12211.33,5280.999234065654,810.0,26068.0,96,1657.0,10597.895833333334,31580.450941242005,40.0,186311.0,188,35515.5,38070.72872340425,15595.167359778203,77.0,96055.0
TransRatio,59,0.0644210851145551,0.06803260201192872,0.03226062929013687,0.0284290681821546,0.1217980010333339,100,0.014868323307547,0.01498958324818049,0.0017419123239221445,0.0105194623385915,0.028047104049829,96,0.0877128105435501,0.08585188456893648,0.018065253803611656,0.0414179918627186,0.1502169197396963,188,0.03111568675801945,0.031393208993478416,0.004544072678456311,0.0135994348286824,0.0610836998806045
mCCCFrac,59,0.0191685004007697,0.02379308461809725,0.018579688287782222,0.0,0.0786062932880597,100,0.00659842127833355,0.006651524187102702,0.0010367816396612288,0.004443692540648,0.0089484066000334,96,0.0189377505925628,0.028407073299878433,0.03670294122352843,0.0036454140569943,0.3221660328171791,188,0.17714805403326928,0.17679568848222468,0.014988947576997877,0.0153606085726824,0.2090506420619586
mCGFrac,59,0.5727411944869831,0.5295696211970207,0.1658846712901834,0.1502726790060182,0.7405316091954023,100,0.7598343172949686,0.7618485773952957,0.026103826809930022,0.698504775405126,0.8118035803343497,96,0.5491072405183883,0.5530154804485348,0.023857777791098385,0.5186776490356749,0.6929007929159442,188,0.5488495713490078,0.5477323468642383,0.026260894829764906,0.481812694782827,0.7772721188595905
mCHFrac,59,0.0230674953659954,0.026705797404059543,0.018215379023322268,0.0070877437354603,0.0777102698765779,100,0.0239002492793727,0.023849730007816653,0.007544682693426443,0.0070178445924519,0.0423362611113277,96,0.025276977986883553,0.0377008215872063,0.04619457846984064,0.0046929645707921,0.3980609184454,188,0.1635975039126617,0.16398626833248586,0.014641914074441218,0.0156321290440324,0.2041423865399505
