,Dataset,R1InputReads,R1InputReadsBP,R1WithAdapters,R1QualTrimBP,R1TrimmedReads,R1TrimmedReadsBP,R1TrimmedReadsRate,R1UniqueMappedReads,R1UniqueMappedReadsMapQ30,R1DeduppedReads,R1DeduppedReadsMapQ30,R2InputReads,R2InputReadsBP,R2WithAdapters,R2QualTrimBP,R2TrimmedReads,R2TrimmedReadsBP,R2TrimmedReadsRate,R2UniqueMappedReads,R2UniqueMappedReadsMapQ30,R2DeduppedReads,R2DeduppedReadsMapQ30,CisShortContact,CisLongContact,TransContact,mCHmC,mCHCov,mCHFrac,mCGmC,mCGCov,mCGFrac,mCCCmC,mCCCCov,mCCCFrac,GenomeCov,LambdaCYCov,LambdaCYFrac,FinalmCReads,CellInputReadPairs,R1MappingRate,R2MappingRate,R1DuplicationRate,R2DuplicationRate,R1MappingRateMapQ30,R2MappingRateMapQ30,TotalContacts,CisShortRatio,CisLongRatio,TransRatio
SRR7770877,MethylHiC,14838585,1494161675,8785136,6077289,7342077,567955506,0.4947963030167634,1103479,733552,902482,579396,14838585,1495874233,8512494,29689737,7424211,569023131,0.5003314669154775,998682,727108,698258,520171,361332,33947,25816,184689,20260565,0.0091156885308973,186165,1085089,0.1715665719586135,10324,1291811,0.0079918811652788,0.0351294692461821,0,0,1600740,14838585,15.0295209380125,13.451692038386302,18.21484595538293,30.082048139447792,9.991069284617964,9.79374104534475,421095,0.8580771559861788,0.0806160130136905,0.0613068310001306
SRR7770833,MethylHiC,78797615,7926846995,67846425,18897820,23121458,1430384045,0.2934283988163855,4251403,2562452,3438533,2068671,78797615,7940956931,67479100,30183090,23570428,1470554122,0.2991261601001502,3701339,2849352,2990734,2308488,1892580,94589,60609,5663624,89215976,0.0634821727444869,2558940,4132350,0.6192457076481905,367598,6070704,0.0605527793811063,0.1340252411280003,0,0,6429267,78797615,18.38726173755997,15.703316885039168,19.120041078204064,19.19859272549744,11.082571003956584,12.08867314585887,2047778,0.9242115112087346,0.0461910421930502,0.0295974465982152
SRR7770878,MethylHiC,45416709,4574089846,20338119,18408826,28177716,2278240933,0.6204261960064081,1802891,1190613,1379191,871972,45416709,4577603374,19968446,102556824,27876868,2220514210,0.6138020260340749,1978197,1425569,1103590,831165,586112,46609,38767,317102,31209932,0.0101602912816343,389924,1643526,0.2372484524126785,20657,1982638,0.0104189468778465,0.0531952149431092,0,0,2482781,45416709,6.398286504129717,7.096195311467558,23.50114344128402,44.21233072338093,4.2253708568856325,5.1138061851137655,671488,0.872855508959207,0.069411515916889,0.0577329751239039
SRR7770875,MethylHiC,17287964,1740927545,9078705,7403150,9826893,767005470,0.5684239624747021,1275377,845539,998298,633615,17287964,1742624202,8720550,39347584,9902016,765309072,0.572769355604859,1196990,870953,750650,568220,384618,37985,26813,221372,21951779,0.0100844674137799,240983,1195116,0.2016398408187991,13448,1417637,0.0094862083876196,0.0378063528954252,0,0,1748948,17287964,12.97843580875461,12.088346453893834,21.725262412604277,37.28853206793708,8.604337098205914,8.795713923306122,449416,0.8558173273759724,0.0845208003275361,0.0596618722964914
SRR7770869,MethylHiC,36845468,3714476119,14409079,22509366,24222452,1981906433,0.6574065499724416,1895487,1324559,1202718,760995,36845468,3718153724,14261302,85966487,24093946,1947072883,0.6539188483099196,2628205,1818002,918000,685916,479637,41236,44912,503080,26705889,0.0188377926681264,464216,1352319,0.3432740351943587,31926,1665545,0.0191685004007697,0.0462789495293234,0,0,2120718,36845468,7.825330812916875,10.908155102530737,36.5483382370863,65.07121780835209,5.468310970334465,7.54547221115213,565785,0.8477372146663485,0.072882808840814,0.0793799764928373
SRR7770827,MethylHiC,43156835,4343626148,36856645,8515377,11622272,760417583,0.269303159047692,3120121,1876464,2476129,1485136,43156835,4350424725,36734085,12615512,11856586,776531975,0.2747325191942366,2821688,2101144,2239202,1672263,1431896,80336,48161,3829071,66526865,0.0575567629708689,1716911,3067120,0.5597795325908344,248417,4445528,0.055880201406897,0.103426206491671,0,0,4715331,43156835,26.84605041079748,23.79848634337068,20.63996877044192,20.643175290818828,16.14541459707706,17.721323827955196,1560393,0.9176508738503696,0.0514844657724047,0.0308646603772254
SRR7770867,MethylHiC,18194948,1832343925,14084971,4774270,6368322,445341557,0.3500049574200486,563045,377020,456949,292002,18194948,1834486342,13815718,25157520,6410453,444858770,0.3523204902811483,585541,425659,371578,279223,179747,12832,26132,239050,10363067,0.0230674953659954,375804,518547,0.7247250490312354,11300,649728,0.0173918932230102,0.0183682879136162,0,0,828527,18194948,8.841339995056781,9.134159473597265,18.843254091591252,36.54107910462291,5.920240842093097,6.640076762125859,218711,0.8218470950249416,0.0586710316353544,0.1194818733397039
SRR7770838,MethylHiC,10581738,1064112028,9513347,1728922,3103021,176893869,0.2932430381474196,485410,290147,457948,271980,10581738,1066068036,9422011,4472447,3180205,183056147,0.3005371140355204,426886,326416,406220,310322,249436,11865,8553,113595,11671113,0.0097330048985045,324610,550460,0.5897067906841551,4393,785207,0.0055947030528255,0.0198611928675637,0,0,864168,10581738,15.643142601999791,13.423222716774546,5.657485424692532,4.841105119399558,9.350468462830255,10.263992415583273,269854,0.9243368636373744,0.0439682198522163,0.0316949165104093
SRR7770835,MethylHiC,68921042,6931582759,60760611,7546387,19550074,1176947280,0.2836590021375474,4232084,2548164,3465990,2084244,68921042,6945451875,60502058,19909201,19899021,1201481607,0.2887219987184755,3721860,2870440,3048195,2357882,1946256,107047,65683,5791653,91113341,0.0635653674471228,2444323,4405089,0.5548861782361264,368534,6271807,0.0587604178508681,0.1350338384653867,0,0,6514185,68921042,21.64740655201612,18.703734218884435,18.10205090447165,18.100224081507637,13.034037620522565,14.425031261588195,2118986,0.918484595934093,0.0505180307939741,0.0309973732719328
SRR7770856,MethylHiC,26114973,2630614976,15546119,9924112,13168212,1007277940,0.5042399239700535,838554,596318,545326,345526,26114973,2634664714,14665305,67106763,13257990,1002109195,0.5076777218954046,1127168,845279,392270,355016,186116,16980,25600,300255,10378524,0.0289304143826231,360014,523133,0.6881882809916408,17476,652753,0.026772760906499,0.0185892807136978,0,0,937596,26114973,6.368017161327597,8.501801555137694,34.96829065271885,65.1986216784011,4.528465975487029,6.375619532070849,228696,0.8138139713855949,0.0742470353657256,0.1119389932486794
SRR7770850,MethylHiC,22862241,2301138589,18473269,4890976,7642691,509887594,0.3342931692479315,646838,426931,535652,339177,22862241,2305103713,17297751,43215434,7960661,537937756,0.3482012546364112,578888,484629,378295,342726,186004,15922,18522,370575,10369977,0.0357353733764308,359619,532557,0.6752685628017283,21878,665218,0.0328884666380043,0.0181871076748695,0,0,913947,22862241,8.463484916503885,7.271858454970008,17.189157099613816,34.651435165351494,5.586134517279319,6.087798488090374,220448,0.8437545362171578,0.072225649586297,0.0840198141965452
SRR7770861,MethylHiC,18910175,1905221286,10740876,8345468,9952176,769463066,0.5262868270653233,558850,405947,333805,216758,18910175,1907666832,10580992,36141712,9893392,756947017,0.5231782360554569,880650,610204,279715,211962,128899,12536,19254,301282,7483003,0.0402621781656375,238216,372226,0.6399767882952829,17535,468665,0.0374147845475979,0.0133468401361857,0,0,613520,18910175,5.61535487314533,8.901396002503489,40.26930303301423,68.23766536081304,4.078977301044516,6.167793614161857,160689,0.8021644294257853,0.0780140519886239,0.1198215185855908
SRR7770836,MethylHiC,5338439,537113895,4282042,1333882,1865582,124011602,0.3494620805819828,530636,312920,501818,294052,5338439,537987894,4233481,3288820,1913117,127779552,0.3583663688954767,462501,352553,441272,336101,271587,13319,9414,106675,12887764,0.0082772310231627,330375,597175,0.5532297902624859,4354,863271,0.0050436073955918,0.0221360558102864,0,0,943090,5338439,28.44345625118596,24.175259537184605,5.430841480789095,4.590044129634318,16.77331792437963,18.42819858900423,294320,0.9227609404729546,0.0452534656156564,0.0319855939113889
SRR7770851,MethylHiC,18489918,1862709244,11033649,7765441,9235146,706780703,0.4994692783386059,565227,410455,343308,221590,18489918,1865217573,10865070,33217560,9202121,697701773,0.4976831698226028,853025,589206,281754,217232,130947,15312,16987,395179,7624631,0.0518292622947917,221200,375889,0.5884715966681653,24013,474304,0.0506278673593307,0.0136688530583494,0,0,625062,18489918,6.1203905168364425,9.269873760625403,39.26192485496978,66.9700184637027,4.444488479120958,6.402936888136986,163246,0.8021452286732906,0.0937970915060705,0.1040576798206388
SRR7770825,MethylHiC,124590656,12533123416,112929156,29602863,32559220,1858270565,0.2613295494647688,5243186,3168622,4182493,2524288,124590656,12554447051,112444852,36794325,33238203,1911224229,0.266779259914965,4705447,3603344,3770148,2896626,2435355,123723,74881,5211206,110800956,0.0470321393255848,3051932,5241860,0.5822231040126978,325104,7568527,0.042954725536422,0.1601474262408924,0,0,7952641,124590656,16.103536878340453,14.156743070616663,20.22993271648193,19.876942615653725,9.731873183694203,10.840971155991795,2633959,0.9245986744668389,0.0469722573510066,0.0284290681821546
SRR7770857,MethylHiC,24388888,2457729256,12834221,11377672,13811579,1076957801,0.5663062210954432,779122,569302,441190,283478,24388888,2460469897,12532678,53567833,13746987,1062485195,0.5636578018645213,1228380,848865,356673,275402,164869,19286,22801,234398,9661291,0.024261560903196,312383,468283,0.6670816578863635,13006,597859,0.021754293236365,0.0174342649308147,0,0,797863,24388888,5.641078402404244,8.935630767672945,43.37343830619594,70.96395252283496,4.121918283202811,6.174916729025786,206956,0.7966379327006706,0.0931888903921606,0.1101731769071686
SRR7770831,MethylHiC,69544318,6996039549,58328507,10120482,21808485,1404797619,0.3135911836823247,4513893,2705531,3634752,2174865,69544318,7008531332,58215880,17830693,22102319,1425503096,0.3178163167837809,4099750,3167946,3312916,2568169,2142043,122098,69626,4765578,96942904,0.0491586057706709,2603887,4565295,0.5703655514046737,296897,6540729,0.0453920350468579,0.1460382573788321,0,0,6947668,69544318,20.697875161892263,18.548958595702107,19.47633672309025,19.192243429477408,12.40586404786944,14.333093283107532,2333767,0.9178478399943096,0.0523179906134588,0.0298341693922315
SRR7770874,MethylHiC,15427243,1552795567,10097877,5219648,6917661,518467491,0.4484055252127681,1280972,822984,1069444,669679,15427243,1555022075,9803121,26072969,7026490,523488369,0.4554598640858901,1039012,764987,823010,611668,441783,36313,26773,171988,24265550,0.0070877437354603,195860,1303364,0.1502726790060182,9532,1546615,0.006163136915134,0.0416919062564524,0,0,1892454,15427243,18.517415062692432,14.787070073393686,16.51308537579276,20.789172791074595,11.89685357521856,10.887185493752929,504869,0.8750448136051134,0.0719255886180375,0.053029597776849
SRR7770854,MethylHiC,25205943,2539244829,15740106,11592177,12025743,907269881,0.4770995078422577,752051,537183,505353,326232,25205943,2542093096,14891257,58441664,12137068,910970023,0.4815161249868731,1053654,787342,359565,329480,166141,19103,21760,280848,9462009,0.0296816458322962,306639,467773,0.6555294982822865,15076,594148,0.0253741492018823,0.0169840724275617,0,0,864918,25205943,6.25367596829568,8.681289418498768,32.803360410397694,65.87447112619513,4.466942292047984,6.4870856783532895,207004,0.8025980174296149,0.0922832409035574,0.1051187416668276
SRR7770858,MethylHiC,32981658,3323424659,17683546,13895280,18450635,1433948591,0.5594210879271139,1108924,795592,684818,433646,32981658,3326105317,16482936,95796177,18478892,1421405033,0.5602778368510158,1589946,1172299,462751,424307,214314,23837,30851,312397,12731939,0.0245364826205969,409928,624422,0.6564919237310665,17156,799853,0.0214489412429533,0.0228335253942245,0,0,1147569,32981658,6.010221328425824,8.604119770817428,38.24482110586478,70.89517505625977,4.312003353814109,6.343989672108047,269002,0.7967003962795816,0.088612724068966,0.1146868796514524
SRR7770834,MethylHiC,6780066,681866421,6071619,959158,1840671,107855267,0.2714827554776015,341565,202986,326547,193086,6780066,683167104,6002318,2783651,1901560,112665024,0.2804633465219955,302506,230333,290853,221367,179760,8712,6354,81855,8459382,0.0096762387607037,219986,411802,0.5342033307269027,3235,576925,0.0056073146422845,0.0144540279685793,0,0,617400,6780066,18.556548128372757,15.908306863838112,4.396820517324662,3.8521549985785386,11.027826265530342,12.112844191085214,194826,0.9226694589017892,0.0447168242431708,0.0326137168550398
SRR7770849,MethylHiC,16051347,1615458324,13429009,3471082,4972039,321134675,0.3097583648275749,413883,274677,350751,224497,16051347,1618073002,13071521,17650585,5135166,334319153,0.3199211879227332,403662,297214,290808,219916,143972,13034,13430,162458,8014315,0.0202709776194222,275663,408230,0.6752639443450996,7903,505637,0.0156297897503545,0.0141487364466787,0,0,641559,16051347,8.324210650801412,7.860739068610441,15.253586158407083,27.95754864218083,5.52443373835161,5.787816791122234,170436,0.8447276397005328,0.0764744537539017,0.0787979065455655
SRR7770876,MethylHiC,17178494,1729227417,10874729,5998246,8183913,613338099,0.4764045672455338,1339381,872449,1045033,659398,17178494,1731493369,10607876,34375101,8202498,608351090,0.4774864432237191,1089673,813873,787169,597582,398694,45567,32762,181661,22858307,0.0079472639859111,243439,1193178,0.2040257195489692,10123,1440490,0.0070274698192976,0.0393833412553335,0,0,1832202,17178494,16.366021975062537,13.28464816449818,21.97642045093965,27.760988847112845,10.660536102961997,9.922257829261282,477023,0.8357961775428019,0.0955236959224188,0.0686801265347792
SRR7770828,MethylHiC,7593304,763562160,6862763,1822556,2112285,119467319,0.2781773257069649,311761,186546,296761,176451,7593304,765025146,6733102,3636375,2222448,129139198,0.2926852395215574,272145,206647,261154,198069,160762,8394,5557,72123,7618576,0.0094667297405709,191255,359945,0.5313450666073983,2730,510916,0.0053433441113607,0.0130709703545385,0,0,557915,7593304,14.759419301846105,12.245280879462648,4.81137794656804,4.038655863602125,8.831478706708612,9.29817030589692,174713,0.92014904443287,0.0480445072776496,0.0318064482894804
SRR7770837,MethylHiC,55400907,5574160753,43319267,10683539,20288866,1378474593,0.3662190223708792,6253394,3670334,4623932,2709973,55400907,5584050283,43251068,22493111,20554623,1398685374,0.3710160015972302,5859981,4529834,4390532,3410845,2838661,152676,89783,2438531,124965395,0.0195136501589099,3201889,5763614,0.555534947343802,137790,8508853,0.0161937219975477,0.1815815003549852,0,0,9014464,55400907,30.821801474759603,28.509309073681383,26.057241875371997,25.07600280615244,18.090385140303063,22.03803008208908,3081120,0.9213081606688476,0.0495521109207041,0.0291397284104481
SRR7770829,MethylHiC,75218980,7563964052,67210566,14756585,21617473,1250830764,0.2873938599007857,3772579,2275747,3077135,1851155,75218980,7579285704,66431302,21386578,22455598,1323975367,0.2985363268685643,3314477,2552327,2706044,2088138,1722672,99635,56527,4788213,80562109,0.0594350502914465,2082262,3768045,0.552610703959215,305402,5470828,0.0558237254031748,0.1225290400617689,0,0,5783179,75218980,17.45152636480684,14.760136870993149,18.43417990716696,18.35683276728123,10.527349797083128,11.366105681086738,1878834,0.9168835565036612,0.0530302304514395,0.0300862130448991
SRR7770823,MethylHiC,71065314,7147397196,63198600,13598225,20022189,1176678916,0.2817434817779036,3563023,2156552,2889083,1744885,71065314,7160777712,62861771,24088562,20425564,1208285719,0.2874195982585822,3064344,2364031,2468468,1907940,1555223,84950,52988,5686568,73981066,0.0768651806125637,2019835,3429260,0.5890002507829678,369689,4999441,0.0739460671703096,0.1134893812850255,0,0,5357551,71065314,17.795371924618234,15.002493933582445,18.91483720425044,19.445466958017764,10.7708103244855,11.573883590191194,1693161,0.9185322600744996,0.0501724289657037,0.0312953109597965
SRR7770860,MethylHiC,31550827,3178136182,19345504,11801864,15505499,1174271826,0.4914450895375896,1023115,717036,690304,435941,31550827,3182782388,18282180,82128548,15535760,1164694784,0.4924042086123448,1335707,1008332,486040,443021,232603,20629,31919,223670,13167223,0.0169868771873917,306600,690505,0.4440228528395884,11761,843673,0.0139402351384956,0.0232811593738344,0,0,1176344,31550827,6.598400993092837,8.597628954103307,32.5291878234607,63.61178012842637,4.62439809257348,6.490393775393029,285151,0.8157186893961444,0.0723441264452868,0.1119371841585686
SRR7770847,MethylHiC,17948490,1807490516,14047338,4384177,6032677,420445396,0.3361105586040943,510528,342800,414881,264958,17948490,1809594552,13669384,27813184,6137895,426366340,0.341972778768576,546747,398472,334736,256860,160129,16689,17320,219934,9271966,0.0237203199407763,282169,470115,0.6002127139104262,11071,583615,0.0189696974889267,0.0164912876645375,0,0,749617,17948490,8.462710667254354,8.907728138066878,18.734917575529654,38.77680170170116,5.682386111505721,6.491997663694149,194138,0.8248204885184766,0.0859646231031534,0.08921488837837
SRR7770840,MethylHiC,13076,1314981,11134,1665,4534,274559,0.3467421229733863,627,356,620,350,13076,1318090,10657,8485,4851,306045,0.3709850107066381,425,347,417,342,236,13,10,270,13079,0.0206437801055126,406,738,0.5501355013550135,16,838,0.0190930787589498,2.3861611013890102e-05,0,0,1037,13076,13.828848698720778,8.761080189651619,1.1164274322169043,1.8823529411764683,7.851786501985002,7.153164296021439,259,0.9111969111969112,0.0501930501930501,0.0386100386100386
SRR7770870,MethylHiC,41872959,4220763251,18959652,23322190,25391496,2051099908,0.6063936393890864,1971250,1364754,1278446,808967,41872959,4224869598,18600690,99354423,25279940,2016772042,0.6037294856568413,2663432,1854676,974475,738126,504676,47345,43771,687400,28229880,0.0243500857956179,467022,1449638,0.3221645679817996,43742,1777598,0.0246073634196258,0.0485697780697044,0,0,2252921,41872959,7.763425991127108,10.535752853843798,35.1454153455929,63.41280723517626,5.3748467597182925,7.336552222829643,595792,0.8470674329296131,0.0794656524424631,0.0734669146279238
SRR7770853,MethylHiC,18052236,1818795500,10838674,7725653,8936452,683158481,0.4950329698769726,515069,374157,315648,205279,18052236,1820991081,10653083,33648903,8902039,674547995,0.4931266686298584,805661,556571,255903,197222,117873,14204,15838,345971,6940577,0.0498475847181005,226827,337100,0.6728774844259864,20581,430364,0.0478223085574072,0.0124471842008939,0,0,571551,18052236,5.763685632732096,9.050297353224355,38.71733690049295,68.23688871622183,4.186862974254211,6.252174361401922,147915,0.7968968664435656,0.096028124260555,0.1070750092958793
SRR7770871,MethylHiC,37497709,3778943078,17428478,20311224,22551955,1809568032,0.601422209554189,1761099,1216310,1166912,736073,37497709,3783436103,17049596,78590402,22613755,1795938144,0.6030703102421537,2387571,1657928,885781,668465,465968,39326,39219,700612,25940310,0.0270086209455476,359067,1328711,0.2702370944471747,46126,1632759,0.0282503419059395,0.0447757877774308,0,0,2052693,37497709,7.809074645634935,10.558047524614995,33.73955694711087,62.900328409081865,5.393368335472467,7.331502441766085,544513,0.8557518369625702,0.0722223344529882,0.0720258285844415
SRR7770846,MethylHiC,19980493,2011358120,15574118,4761794,7387438,498156576,0.3697325186120282,611661,407178,504058,320352,19980493,2014020754,14645811,40424060,7562541,513130378,0.3784962162845531,563739,464194,340128,310065,160212,17116,19065,293984,9463525,0.0310649572965676,341604,462395,0.7387709642189038,17040,595627,0.0286085083449877,0.0169037771892104,0,0,844186,19980493,8.279744615115552,7.454359586281913,17.591934094212313,39.6656963594855,5.5117619938062425,6.1380692018727565,196393,0.8157724562484406,0.0871517823955028,0.0970757613560564
SRR7770844,MethylHiC,9014,907386,7112,1933,3000,206328,0.3328156201464389,411,237,393,221,9014,908828,6811,8849,3217,225259,0.3568892833370313,351,260,310,237,151,10,12,112,8968,0.0124888492417484,268,450,0.5955555555555555,2,602,0.0033222591362126,1.6773764493857925e-05,0,0,703,9014,13.7,10.91078644700031,4.379562043795615,11.680911680911676,7.9,8.082064034815046,173,0.8728323699421965,0.0578034682080924,0.0693641618497109
SRR7770864,MethylHiC,31699008,3193020721,22745524,8218749,11977870,889123056,0.3778626132401367,1206239,802659,973178,614777,31699008,3196902192,21564303,73213526,12145193,891170415,0.3831411064977175,1144096,924590,646883,582068,317699,35729,30241,686356,18668772,0.0367649248702592,578830,941877,0.6145494581564259,38659,1183630,0.0326613891165313,0.0324628899987304,0,0,1620061,31699008,10.07056346412175,9.420154953486536,19.321295365180536,43.4590279137415,6.701183098497479,7.612806153018729,383669,0.8280549119162611,0.093124542248657,0.0788205458350818
SRR7770880,MethylHiC,37228303,3749826917,22065219,17293976,19612533,1474627434,0.5268178084829706,1594235,1048969,1246298,786828,37228303,3754955412,21562303,66561501,19661477,1468295083,0.5281325071411394,1872138,1326475,956564,710695,514487,41114,34787,500312,28330872,0.0176596046884825,279731,1500091,0.186476020454759,31917,1810324,0.0176305456923733,0.0482197627342718,0,0,2202862,37228303,8.128654264087153,9.521858403618404,21.824699620821274,48.90526232574736,5.348462638660697,6.746568429218212,590388,0.8714387826310833,0.0696389493011375,0.0589222680677791
SRR7770852,MethylHiC,25219784,2540490794,15456569,9481997,12302990,934898512,0.4878309029133635,813149,576960,538327,341420,25219784,2544175154,14672050,60741332,12355415,929101526,0.4899096280919773,1093187,814232,378871,344455,176956,20162,23401,266753,10189136,0.0261801393170137,290355,511630,0.5675097238238571,14252,639948,0.0222705594829579,0.0182933814306581,0,0,917198,25219784,6.609360813915967,8.847837162895782,33.79724995050108,65.34252602711156,4.689591717135428,6.590082162355534,220519,0.8024523963921476,0.0914297634217459,0.1061178401861064
SRR7770868,MethylHiC,25524422,2570532095,19290424,6263491,9355332,663788613,0.3665247346247449,868844,575882,700493,443562,25524422,2573832586,18167638,52871050,9558702,676319290,0.3744923979081681,771331,636797,472498,424499,230610,15853,34182,458545,13404272,0.0342088701273743,487802,672869,0.7249583499908601,25753,849952,0.0302993580813975,0.0235200742896542,0,0,1172991,25524422,9.287153037433626,8.069411516333494,19.37643581586568,38.74251132133934,6.155655405922526,6.661961006839631,280645,0.821714265353026,0.05648773361364,0.1217980010333339
SRR7770822,MethylHiC,6897513,693708425,6215168,1622243,1876227,107399447,0.2720150001891986,277636,166049,264449,157093,6897513,694914081,6129519,3565806,1947187,113291374,0.2823027662289292,240325,183311,230598,175680,140153,6869,5014,63955,6641007,0.0096303166071049,174737,311090,0.5616927577228454,2508,441881,0.0056757362276268,0.0115063831627562,0,0,495047,6897513,14.797569803653824,12.342163336135666,4.749744269475142,4.047435764069485,8.850155125152767,9.41414460963431,152036,0.9218408797916284,0.0451800889263069,0.0329790312820647
SRR7770859,MethylHiC,23049909,2322037118,13702546,10098453,11636024,888212024,0.5048186524293871,695004,499809,426404,273614,23049909,2325182921,13480954,47539165,11536367,871085304,0.5004951212605655,1034234,720823,360986,278263,170932,15670,23611,161331,9616361,0.0167767204247011,224912,495766,0.4536656406449817,8519,609332,0.0139808839844288,0.0170985054825939,0,0,787390,23049909,5.972864957995962,8.96498871785199,38.6472595841175,65.09629348870757,4.295358964539778,6.248266893728329,210213,0.8131371513655198,0.0745434392734987,0.1123194093609814
SRR7770855,MethylHiC,19366569,1950945706,11243743,8480972,9975213,767199999,0.5150738367751149,608691,442741,370757,240737,19366569,1953729129,11038808,34820472,9983556,760602125,0.5155046306860033,890274,618212,303327,232592,143612,14055,19396,642739,8270966,0.0777102698765779,290008,408726,0.7095413553334018,40744,518330,0.0786062932880597,0.0146922885146053,0,0,674084,19366569,6.1020351144381575,8.917403778773815,39.08945589798436,65.92880394125854,4.438411490561655,6.192302622432328,177063,0.8110785426656049,0.0793785262872536,0.1095429310471414
SRR7770865,MethylHiC,18767473,1890126386,14624743,4791271,6281375,441668709,0.3346947668447425,636573,421947,533215,339239,18767473,1892176716,14201010,29023447,6423856,451253639,0.3422866786594018,626346,460969,426281,325076,208753,20569,22209,300452,11998207,0.025041408270419,366752,594759,0.6166396809464001,17309,745853,0.0232069858269659,0.0213144057345257,0,0,959496,18767473,10.13429384489861,9.750311962161044,16.236629577440453,31.94161054752485,6.717430498895545,7.175892485759332,251531,0.8299295116705296,0.0817752086223964,0.0882952797070738
SRR7770845,MethylHiC,13984850,1407702343,11305779,3397447,4836179,316618835,0.3458155790015624,384339,257541,320024,205606,13984850,1409810236,11045660,18931746,4904291,320813768,0.3506859923417126,396145,289420,261698,198802,122797,14295,13962,150938,7160637,0.0210788509458027,257705,348000,0.7405316091954023,7845,443479,0.0176896763995589,0.0128976377929343,0,0,581722,13984850,7.94716241892618,8.077518238620017,16.733924998503923,33.93883552739527,5.325299166966317,5.901362704619281,151054,0.8129344472837529,0.0946350311809021,0.0924305215353449
SRR7770843,MethylHiC,7944,799120,6778,1283,2685,162190,0.3379909365558912,273,167,270,166,7944,800761,6470,6455,2883,181690,0.3629154078549849,199,153,192,148,105,7,5,63,5637,0.0111761575306013,204,303,0.6732673267326733,0,331,0.0,1.074125862637445e-05,0,0,462,7944,10.167597765363128,6.902532084634062,1.098901098901095,3.5175879396984966,6.219739292364991,5.30697190426639,117,0.8974358974358975,0.0598290598290598,0.0427350427350427
SRR7770872,MethylHiC,14322731,1441526765,8682414,4674328,7155486,544131344,0.4995894986787086,1018769,656894,850704,536395,14322731,1443143465,8446131,25377415,7199750,541913105,0.5026799707402171,862230,626864,674957,495749,352143,34193,22560,249419,19520524,0.0127772697085385,264606,1050208,0.2519558030409214,15494,1243627,0.0124587195356807,0.0337828487145951,0,0,1525661,14322731,14.237593365426193,11.975832494183829,16.496870242420016,21.71961077670691,9.180284889104668,8.706746762040348,408896,0.8612043160118954,0.0836227304742526,0.0551729535138519
SRR7770842,MethylHiC,18125,1823019,15885,2257,5879,342426,0.3243586206896551,559,337,547,326,18125,1827109,15255,11801,6270,382279,0.3459310344827586,392,320,352,300,200,3,8,218,11491,0.0189713688973979,374,653,0.5727411944869831,17,790,0.0215189873417721,2.085597739969171e-05,0,0,899,18125,9.508419799285592,6.251993620414672,2.146690518783545,10.20408163265306,5.732267392413676,5.103668261562999,211,0.9478672985781992,0.0142180094786729,0.0379146919431279
SRR7770866,MethylHiC,27209761,2740702118,19990839,6394063,10152636,738205767,0.3731247768034419,1011815,670442,826575,522553,27209761,2743866386,18660515,64836337,10467892,758479442,0.3847109131168039,916933,749631,536960,485523,262680,24953,30382,702314,15702108,0.0447273703632658,483803,783203,0.6177236297613773,43190,989364,0.0436543072115015,0.0273862891374261,0,0,1363535,27209761,9.966032466839154,8.759480896440277,18.30769458843761,41.439559924225655,6.60362491081134,7.161241250865026,318015,0.8259987736427526,0.0784648522868418,0.0955363740704054
SRR7770830,MethylHiC,6912394,695349758,5913271,1313907,2065523,129849384,0.2988144194326886,374525,223622,356782,211933,6912394,696520773,5865932,3405044,2108354,132873959,0.3050106808147799,329526,251052,315976,240657,198047,9878,6812,97194,9219846,0.0105418246682211,242719,437699,0.5545340519398034,3945,615361,0.0064108710171752,0.0159324694093088,0,0,672758,6912394,18.13221155126329,15.629538493061412,4.737467458781119,4.111966885769258,10.82641055074187,11.907488021461292,214737,0.9222770179335652,0.0460004563722134,0.0317225256942213
SRR7770841,MethylHiC,14701,1479310,11939,2768,5237,337918,0.3562342697775661,628,404,603,387,14701,1482105,11428,12887,5576,370173,0.3792939255832936,478,367,419,334,220,16,15,160,12556,0.012742911755336,366,665,0.5503759398496241,3,827,0.0036275695284159,2.3377150332654176e-05,0,0,1022,14701,11.991598243269047,8.57245337159254,3.980891719745228,12.343096234309623,7.714340271147603,6.581779053084648,251,0.8764940239043825,0.0637450199203187,0.0597609561752988
SRR7770839,MethylHiC,103179309,10376258898,91728518,13315079,31089374,1809558245,0.3013140357433485,5534758,3303805,4284220,2553359,103179309,10396324963,91356042,29250808,31607712,1847493590,0.3063376979971827,5061228,3920262,3926265,3051602,2504475,133158,81829,4129381,112753325,0.0366231417122288,3168523,5284510,0.5995869058815292,249957,7691821,0.032496466051407,0.1650435338235694,0,0,8210485,103179309,17.802732213263607,16.01263640974709,22.59426699414861,22.424656624834927,10.626798082200049,12.402865477893496,2719462,0.920945025155711,0.0489648320145675,0.0300901428297214
SRR7770863,MethylHiC,21908679,2206645766,16522311,6214469,7561067,548572935,0.3451174304028098,758387,507867,622241,397940,21908679,2209061417,16229310,34306611,7578605,544822552,0.345917935079518,792075,575757,501152,380488,245098,28641,21222,428915,14097056,0.0304258562922641,436430,704807,0.6192191621252343,22885,883745,0.0258954788994562,0.0248554434690934,0,0,1123393,21908679,10.030158441923604,10.451461713600327,17.952048228674812,36.72922387400183,6.716869457710136,7.59713694010969,294961,0.8309505324432722,0.0971009726709632,0.0719484948857645
SRR7770873,MethylHiC,18001931,1812205874,12639554,5712210,7423026,542174369,0.4123460977602903,1244626,807003,1055805,668521,18001931,1814166950,12315447,25743778,7555792,549346873,0.4197211954650865,990272,727213,803509,592760,418312,39413,27986,182417,23657073,0.007710886296035,340280,1226528,0.2774335359649351,9968,1487779,0.0066999198133593,0.040989578516915,0,0,1859314,18001931,16.767097407445426,13.106131031664187,15.17090274508166,18.859767821366248,10.871617585604575,9.6245767485394,485711,0.8612364142463317,0.0811449606864987,0.0576186250671695
SRR7770832,MethylHiC,7578703,762387156,6646758,2198219,2123519,127528974,0.2801955690835226,332681,198375,317596,188147,7578703,763643138,6554864,4378603,2198898,134141488,0.2901417300559212,284940,216565,274308,208253,167580,7579,5778,71809,8023844,0.0089494511608151,223180,372073,0.5998285282726776,2900,540606,0.0053643503771693,0.0138008603548589,0,0,591904,7578703,15.66649509611169,12.958309116657526,4.534373769466848,3.731311855127395,9.341804806078963,9.8487969883096,180937,0.9261787251916412,0.0418875078065846,0.0319337670017741
SRR7770824,MethylHiC,12455331,1252905059,11376828,3472693,3180647,178165553,0.2553643094671671,443617,267290,421761,252634,12455331,1254876737,11228611,6334950,3301232,188306148,0.265045706131776,379606,287290,363783,274956,227341,10508,7526,107078,10718282,0.0099902204476426,289239,510572,0.5664999255736703,4046,722213,0.0056022253822625,0.0180840105603581,0,0,785544,12455331,13.947382403643031,11.498919191380672,4.92677241855024,4.168269205439323,8.403636115545044,8.70250863919894,245375,0.9265043301069792,0.042824248599083,0.0306714212939378
SRR7770826,MethylHiC,4187860,421491412,3630486,1040775,1079033,69098140,0.2576573715453716,253609,151220,240609,142428,4187860,422099520,3597593,2153134,1112113,71346356,0.2655563939577732,224016,164799,214209,157220,131618,6716,4790,53003,6263317,0.0084624488908991,156675,290821,0.5387334477221384,2107,412420,0.0051088695989525,0.0108631197123354,0,0,454818,4187860,23.503359026090955,20.14327680730285,5.126001048858675,4.377812299121486,14.014399930307968,14.818548115164557,143124,0.9196081719348256,0.0469243453229367,0.0334674827422375
SRR7770862,MethylHiC,25533072,2572163622,15091098,10558563,12994893,995184176,0.5089435771770824,791215,563993,523396,336565,25533072,2574921307,14229406,63927449,13049087,990111810,0.5110660793186186,1120784,841445,380174,347742,176494,15845,25878,325688,9910541,0.0328627872080848,314574,498206,0.6314135116799076,18921,630122,0.0300275184805482,0.0176016407865219,0,0,903570,25533072,6.088661137879319,8.588984041565514,33.84908021207889,66.07963711116504,4.34011268888478,6.448305540456585,218217,0.8088004142665328,0.072611208109359,0.1185883776241081
SRR7770848,MethylHiC,25293141,2547246717,19243870,5712056,8989183,637840489,0.3554000272247721,792351,526247,644931,406565,25293141,2550589520,18017403,57910041,9277046,657002291,0.3667810968989577,743207,602572,424137,382151,203247,20408,23782,395985,12215779,0.0324158614853788,374893,627904,0.5970546452960962,21856,776187,0.0281581629169259,0.02159939531456,0,0,1069068,25293141,8.814494042450798,8.011246252309194,18.605390792716868,42.93151167844221,5.854225016889744,6.495300335904338,247437,0.8214090859491507,0.0824775599445515,0.0961133541062977
SRR7770879,MethylHiC,40314019,4062807945,20080530,19754639,23281801,1848702711,0.5775112870785718,1834000,1251999,1277944,805408,40314019,4067098568,19577148,81456075,23388950,1838618010,0.5801691466186986,2476423,1725079,997059,750076,526721,43258,39247,304447,28908123,0.0105315381424107,240159,1564114,0.1535431560615147,17591,1855279,0.0094815927954771,0.0493877263971457,0,0,2275003,40314019,7.877397457353064,10.588004164359663,30.31930207197383,59.73793653184452,5.377586553548843,7.375615408130763,609226,0.8645740661101134,0.0710048487753313,0.0644210851145551
SRR21549383,snm3C-seq,1355056,193542987,1401,337416,1339517,165917059,0.98853257725142,1028507,928540,807475,732335,1355056,201709024,18285,357769,1340176,173929867,0.989018904015775,940955,823434,739069,650012,658766,8946,10056,794616,33956193,0.0234012099059514,1013593,1406964,0.7204114675286646,15585,2323175,0.0067084916116952,0.0589350289282385,0,0,1546544,1355056,76.7819296059699,70.21130060529363,21.49056836754636,21.45543623233842,69.31901573477604,61.44222848342308,677768,0.9719638578392606,0.0131992068082293,0.01483693535251
SRR21549344,snm3C-seq,1598059,226592023,2098,436383,1564215,193818368,0.97882180820608,1190049,1076785,888763,808168,1598059,236217710,21396,415583,1564990,203210961,0.9793067715272088,1107279,978276,824320,732703,742224,11316,10810,1398870,37670737,0.0371341288066649,1160931,1578706,0.7353687133639829,23000,2570290,0.0089484066000334,0.0649926242197851,0,0,1713083,1598059,76.07963099701767,70.75310385369875,25.31710879131868,25.55444472441002,68.83868266191028,62.510047987527074,764350,0.9710525282920128,0.0148047360502387,0.0141427356577484
SRR21549372,snm3C-seq,1787229,254755254,2309,488273,1761814,218230524,0.9857796622592851,1344434,1214866,969086,879827,1787229,265540360,23999,473854,1762640,228824452,0.9862418302299256,1242736,1095300,891626,791159,811203,12943,12273,1387994,40650856,0.0341442748462664,1215197,1680990,0.7229055497058281,23105,2765296,0.0083553442380128,0.0699802183388783,0,0,1860712,1787229,76.30964449141622,70.50424363454817,27.91866316978,28.252983739104685,68.95540618930262,62.139744928062456,836419,0.9698524304206384,0.0154743017554598,0.0146732678239016
SRR21549338,snm3C-seq,1975727,281920098,2323,515631,1949034,241568440,0.9864895301830668,1444342,1306706,1018364,925873,1975727,293856869,27279,495588,1950028,253296057,0.986992636128372,1323873,1162473,929582,822502,855653,12130,14101,1352104,42766437,0.0316160076650762,1425920,1756484,0.8118035803343497,22427,2913771,0.0076968986238108,0.0731666451359352,0,0,1947946,1975727,74.10553125291811,67.88994824689696,29.492876340922024,29.78314385141173,67.04377655802823,59.61314401639362,881884,0.9702557252427756,0.0137546434678483,0.0159896312893759
SRR21549360,snm3C-seq,2468059,347769945,2328,686747,2398081,296971360,0.9716465449164708,1818439,1643194,1298851,1178263,2468059,362709742,32783,692027,2399526,311419422,0.9722320252473704,1663821,1459998,1181039,1043812,1088104,13934,16917,1024222,54332851,0.0188508790013614,1667735,2242362,0.7437403059809254,22259,3717731,0.0059872540536149,0.0919602012774694,0,0,2479890,2468059,75.82892320984988,69.33956956498909,28.573298306954488,29.01646270842837,68.52120508022873,60.84526694022069,1118955,0.9724287393148072,0.012452690233298,0.0151185704518948
SRR21549293,snm3C-seq,1075639,153036895,1322,252135,1063529,131109465,0.988741575937652,773583,693361,623446,561368,1075639,159548393,14346,265996,1064381,137509850,0.9895336632457544,708966,617842,573197,501799,502878,6399,7797,721380,26167888,0.0275673757087312,860301,1082966,0.7943933604563763,12654,1793711,0.00705464815681,0.0454064347438672,0,0,1196643,1075639,72.73736776336142,66.60829157980083,19.40800146849142,19.150283652530582,65.19436705534123,58.04707149037797,517074,0.97254551572889,0.0123754046809547,0.0150790795901553
SRR21549320,snm3C-seq,764969,108634911,778,194474,749668,92970496,0.9799978822671246,484303,434209,346010,313375,764969,113245693,10513,187672,749954,97467331,0.9803717536266175,449265,394780,320778,284265,287150,5151,6233,321198,14284910,0.0224851259125888,415572,552820,0.7517311240548461,5967,921524,0.0064751433494949,0.0253959239903879,0,0,666788,764969,64.60233063169296,59.90567421468517,28.55505747434973,28.599378985676605,57.92017266309887,52.64056195446653,298534,0.9618669900245868,0.0172543160912994,0.0208786938841137
SRR21549381,snm3C-seq,1439593,204428660,1997,368338,1413280,174950813,0.98172191723633,1073462,969518,842727,764533,1439593,213127450,18850,371787,1414182,183451326,0.9823484832171316,980559,858131,770632,678028,687734,8993,10605,1275633,35379098,0.0360561199157762,1161728,1454126,0.7989183880901655,20644,2414105,0.0085514093214669,0.0616419842933277,0,0,1613359,1439593,75.95536624023548,69.33753929833642,21.49447302279913,21.40891063158872,68.6005603985056,60.68037918740304,707332,0.9722930674704382,0.0127139730706372,0.0149929594589245
SRR21549309,snm3C-seq,3642232,521727814,4808,936025,3614558,447592031,0.9924019117947456,2732256,2447782,1627924,1460664,3642232,543675886,49004,863880,3616463,469351746,0.9929249427274264,2522206,2194187,1484016,1303087,1413280,20897,23394,2871049,67815365,0.0423362611113277,2237799,2786919,0.8029652099684275,41419,4660707,0.0088868491411281,0.1113174715467252,0,0,3111940,3642232,75.59032114023346,69.7423421724486,40.41832097724372,41.161982803942266,67.720091917186,60.672181631610776,1457571,0.9696131440595348,0.0143368659228264,0.0160499900176389
SRR21549307,snm3C-seq,3869565,552116911,4951,1095184,3819997,473020100,0.9871902914151848,2891914,2612767,1728775,1566225,3869565,575399698,53027,959137,3821859,495999161,0.987671482453454,2664804,2339077,1569339,1391238,1514397,21656,24743,2572501,72104466,0.0356774155986399,2357950,2958969,0.7968822924471328,39820,4939883,0.0080609196614575,0.1185385872313754,0,0,3298114,3869565,75.70461442770767,69.72533523607228,40.22038691330378,41.10865189334751,68.3970955998133,61.20259800269974,1560796,0.970272220072322,0.0138749714889069,0.0158528084387709
SRR21549363,snm3C-seq,1646570,234860124,1545,418472,1624490,201260782,0.9865903059086464,1242912,1136127,913110,837467,1646570,244783970,21957,446531,1625267,210964903,0.987062195958872,1128734,998410,826986,736487,758202,11197,10726,804296,38110832,0.0211041312349202,1226614,1595565,0.7687646695684601,15825,2613276,0.0060556175467114,0.06553420146046,0,0,1740096,1646570,76.51090496094159,69.44914281776471,26.534621920135937,26.733313606217237,69.93745729428929,61.43052187732846,780125,0.9718980932542862,0.0143528280724242,0.0137490786732895
SRR21549352,snm3C-seq,1517865,216756741,1555,435003,1498274,185740456,0.987093055047715,1143539,1029532,871222,788446,1517865,225872291,21115,396619,1498798,194709952,0.9874382767900968,1063266,936906,806161,714961,725102,10424,10651,821654,36713494,0.022380163544227,1155697,1512572,0.7640608182618744,15870,2480897,0.0063968798382198,0.0639620496513286,0,0,1677383,1517865,76.32375653585393,70.94124758639924,23.813529752811224,24.18068479571433,68.71453419067541,62.51049174071489,746177,0.9717560310757368,0.0139698757801433,0.0142740931441199
SRR21549387,snm3C-seq,1397169,199540037,1227,387984,1381082,171021652,0.988486002767024,1074329,982280,756843,693626,1397169,207974421,18224,396000,1381731,179303758,0.9889505135026616,967936,855414,677122,603004,630552,9112,8975,511328,31154869,0.0164124586753999,957834,1308712,0.7318905916656988,12939,2134935,0.006060606060606,0.0533887165219936,0,0,1433965,1397169,77.78893650051192,70.05241975464111,29.55202735847212,30.044755025125625,71.12394484903865,61.90886648703692,648639,0.9721154602174708,0.0140478756288166,0.0138366641537126
SRR21549290,snm3C-seq,1143589,161698788,1600,292543,1117407,138234901,0.9771054111223524,847175,764221,685205,621685,1143589,168623676,15135,300212,1118263,144965545,0.9778539317884308,780690,687588,633262,560522,557540,8527,8203,987766,28865210,0.0342199485124133,950520,1193818,0.79620176609835,15684,1967772,0.0079704355992462,0.0505877197586795,0,0,1318467,1143589,75.81615293263779,69.8127363598724,19.11883613184997,18.884320280777256,68.39235837971303,61.48714568934142,574270,0.9708673620422448,0.0148484162501959,0.0142842217075591
SRR21549355,snm3C-seq,487161,69937205,528,131854,484275,60024895,0.9940758804584112,360262,325210,275804,249930,487161,72861893,6741,120223,484411,62924455,0.9943550489468574,330556,290353,251812,222325,224338,3783,3549,318258,11429475,0.0278453734751596,374779,480199,0.7804660151312268,5401,780588,0.0069191430050167,0.0201358330052445,0,0,527616,487161,74.39202932218264,68.23874767501151,23.44349390166046,23.821682256561672,67.15399308244284,59.9393903111201,231670,0.9683515345102948,0.0163292614494755,0.0153192040402296
SRR21549306,snm3C-seq,3903676,556705408,3508,1153532,3848510,476843750,0.9858681919298632,2969897,2680938,1770573,1601694,3903676,580211273,53460,1062271,3850456,499978134,0.9863666964164034,2751157,2423622,1610490,1433481,1551993,25368,23988,1377582,73477925,0.0187482430947798,2257940,3023290,0.7468486317885482,28814,5032203,0.0057259216291552,0.1201014793600484,0,0,3381063,3903676,77.17004762882257,71.4501607082382,40.38267993805847,41.461356076734255,69.66171323447257,62.94376562152638,1601349,0.9691784863886636,0.0158416435143119,0.0149798700970244
SRR21549326,snm3C-seq,1821300,260272481,1919,486132,1802610,223123926,0.9897380991599408,1384534,1249599,1049162,950752,1821300,271281789,24396,502731,1803544,233951632,0.9902509196727612,1261423,1103617,955759,841434,865759,10229,12868,996359,43897728,0.0226972794582899,1354740,1836033,0.7378625547580027,19947,3005060,0.0066378042368538,0.0751844652520107,0,0,2004921,1821300,76.80718513710674,69.94134881100766,24.22273486963845,24.23168120448097,69.32165027376969,61.19157614119756,888856,0.9740149135518014,0.0115080507978795,0.014477035650319
SRR21549296,snm3C-seq,1124180,158988125,1311,283752,1100422,135952828,0.9788663737123948,827361,736949,669585,599448,1124180,165761470,15404,285549,1101018,142532587,0.9793965379209736,761667,663446,617940,540711,540342,6620,8347,577572,28138620,0.0205259532983493,872391,1154227,0.7558227281115413,11899,1908886,0.0062334785838441,0.0490677857070267,0,0,1287525,1124180,75.1857923596584,69.17843305014088,19.069789366431344,18.870057387283424,66.96967163506365,60.25750714338912,555309,0.9730474384531856,0.0119212906687988,0.0150312708780156
SRR21549334,snm3C-seq,464137,64608238,601,127177,445226,55008002,0.9592555646285472,326401,290926,260652,233172,464137,67423417,6042,122474,445600,57700557,0.9600613611929236,295284,255824,235630,205365,207703,2709,3146,332429,10603169,0.0313518533940183,336045,439392,0.7647954446143762,5279,719329,0.0073387837832201,0.0187702566220892,0,0,496282,464137,73.31130706652353,66.26660682226212,20.143627010946663,20.20224597336801,65.34344355450939,57.41113105924596,213558,0.9725835604379138,0.0126850785266765,0.0147313610354095
SRR21549348,snm3C-seq,1390787,193099519,1648,375784,1328298,164282657,0.955069324058968,1005387,908187,761963,690384,1390787,201499536,18509,363989,1329408,172267705,0.9558674333309126,921730,808655,695897,613845,624956,7942,9015,878065,31970725,0.027464657119912,1047126,1331295,0.7865469336247789,15193,2188548,0.0069420455936995,0.055032334886918,0,0,1457860,1390787,75.68986778569267,69.33386891007125,24.21197011697983,24.50099269851258,68.37223273693101,60.82820323031003,641913,0.9735836476282612,0.0123723931436191,0.0140439592281196
SRR21549295,snm3C-seq,1163666,166208488,1284,297167,1153603,142507970,0.991352329620355,867020,771280,701571,626868,1163666,173261216,15556,310480,1154445,149460191,0.992075904941796,794431,689907,644098,561658,561792,6980,9055,667272,29314696,0.022762371474021,908933,1198623,0.7583143323630532,13330,2003367,0.0066537983305105,0.0509121125069711,0,0,1345669,1163666,75.15757153890897,68.81497169635625,19.08248944661023,18.92335520643077,66.85835595087738,59.76092408040227,577827,0.9722494795154952,0.0120797401298312,0.0156707803546736
SRR21549366,snm3C-seq,2034012,288385870,2126,525944,1992802,246727355,0.9797395492258648,1513226,1367470,1105184,1002914,2034012,300678641,27363,547650,1993950,258694894,0.9803039510091386,1385296,1213768,1007907,889006,920674,11333,13878,1175688,46321463,0.0253810636335039,1445474,1900297,0.7606568867919067,21222,3155730,0.0067249099257541,0.0793407123918664,0,0,2113091,2034012,75.93458858431495,69.47496175932196,26.965040251753532,27.242481029325138,68.62046505372837,60.872539431781135,945885,0.9733466541915772,0.011981371942678,0.0146719738657447
SRR21549335,snm3C-seq,1573028,224844553,1592,459786,1557644,192736057,0.9902201359416362,1151413,1018523,907970,807430,1573028,234326082,21467,430547,1558545,202103817,0.9907929165914402,1053638,911062,828521,721076,731985,8742,11746,768408,37311220,0.0205945557395335,1173153,1527341,0.7681015568887367,16000,2526680,0.0063324204093909,0.0649515915352531,0,0,1736491,1573028,73.92016404261821,67.60395112107767,21.142978236306178,21.36568726640459,65.38868958503997,58.45593165420312,752473,0.9727724449913816,0.0116176925949502,0.015609862413668
SRR21549380,snm3C-seq,1372508,194339972,1485,373485,1341594,166168402,0.9774762697193752,1026983,927721,806239,732047,1372508,202611883,18562,373661,1342407,174210612,0.9780686159934951,947686,835123,743187,658483,660852,9479,9857,817761,33933480,0.0240989429908161,1090797,1400180,0.7790405519290377,15379,2310335,0.0066566104049845,0.0591558195950653,0,0,1549426,1372508,76.54946280320276,70.59602639139993,21.4944161685247,21.5787718716959,69.15065213469947,62.21086451426431,680188,0.9715725652319652,0.0139358530288684,0.0144915817391662
SRR21549349,snm3C-seq,1512129,216399783,1435,401224,1499350,185598020,0.9915490014410148,1134958,1017517,856655,771205,1512129,225520390,20637,393554,1500226,194609760,0.9921283170946394,1053210,923581,791480,697812,706740,9010,11025,583782,36036794,0.0161996097655079,1104517,1490496,0.7410398954442011,13294,2458622,0.0054070938924324,0.0618915822446081,0,0,1648135,1512129,75.69666855637442,70.20342268431557,24.52099549058203,24.85069454334843,67.86387434554973,61.56279120612494,726775,0.9724330088404252,0.0123972343572632,0.0151697568023115
SRR21549375,snm3C-seq,1986656,284832395,2018,494152,1975118,244445132,0.994192250696648,1517794,1364798,1093559,986245,1986656,296826131,26578,505521,1976104,256305948,0.9946885620862392,1397765,1222159,1003747,882930,907740,13395,13609,1032973,45574796,0.0226654442951318,1435531,1875718,0.7653234654676236,19902,3116645,0.0063857128418539,0.077367940527844,0,0,2097306,1986656,76.84573782427177,70.73337233263027,27.950762751730476,28.189144813326998,69.09956772202978,61.84689672203487,934744,0.9711108068091372,0.0143301267512816,0.0145590664395813
SRR21549379,snm3C-seq,1098988,155373366,1414,315755,1073349,132794554,0.976670354908334,827644,756341,655845,601401,1098988,161948067,15383,301405,1073803,139151723,0.977083462239806,746358,659395,591009,524894,531884,7032,7734,814654,27377137,0.0297567273013244,906708,1146484,0.7908597067207218,13887,1882895,0.0073753448811537,0.0477639577375484,0,0,1246854,1098988,77.10856394332133,69.50604533606257,20.757596261194426,20.814274115102936,70.46552426098128,61.40744624479537,546650,0.9729882008597824,0.0128638068233787,0.0141479923168389
SRR21549390,snm3C-seq,492695,69832727,510,108225,482954,59759691,0.98022914785009,288297,256410,190678,171521,492695,72821990,6225,120843,483290,62667158,0.980911111336628,263404,228379,174968,153146,156797,2994,4611,169357,7705697,0.0219781546043141,232257,293869,0.7903419550888321,3144,494095,0.0063631487871765,0.0135602115604861,0,0,365646,492695,59.69450506673514,54.50226572037493,33.860567400978844,33.574281332098224,53.09201290392046,47.2550642471394,164402,0.9537414386686294,0.0182114572815415,0.028047104049829
SRR21549308,snm3C-seq,4105098,582386433,4678,1164011,4026115,498236773,0.9807597772330892,3043360,2739455,1838143,1658510,4105098,607020378,56317,1060652,4027404,522304454,0.9810737770450304,2788987,2434895,1656880,1461146,1598855,19845,26068,2272664,76433539,0.029733858064586,2436813,3124920,0.7798001228831458,39967,5264071,0.0075924127923046,0.1246909822870357,0,0,3495023,4105098,75.59048859756862,69.2502415948338,39.60152594500816,40.59205008843713,68.04214484683125,60.45817603597752,1644768,0.9720854248137124,0.0120655314305725,0.015849043755715
SRR21549377,snm3C-seq,1784278,255779280,2042,474369,1774293,219481406,0.9944038989439986,1342018,1200778,970529,871313,1784278,266555119,23944,466111,1775284,230161762,0.9949593056687356,1240927,1083168,893444,784170,804687,10902,12288,1203489,40541205,0.0296855754534183,1290619,1648290,0.7830048110465998,19954,2767026,0.0072113525496327,0.069309004473236,0,0,1863973,1784278,75.63677476042571,69.9001962502901,27.681372380996383,28.00188891046774,67.67642097443883,61.01378708984028,827877,0.9719885925083074,0.0131686228751372,0.0148427846165553
SRR21549343,snm3C-seq,1483934,210959908,1341,404722,1458203,180590235,0.9826602800394088,1132806,1036537,859739,789041,1483934,219904867,19914,400409,1459019,189336068,0.9832101697245296,1033447,916702,781514,697644,710938,9290,9475,578413,36064749,0.0160381817713468,1120175,1521909,0.7360328377058024,14181,2478901,0.0057206802530637,0.061806675658291,0,0,1641253,1483934,77.68506853983979,70.83163413224914,24.10536314249748,24.377931330779425,71.08317566209918,62.83002483175339,729703,0.9742840580345702,0.0127312070801408,0.0129847348852889
SRR21549341,snm3C-seq,1807716,259384194,1739,478770,1796422,222609662,0.9937523372034104,1367010,1226507,977379,879378,1807716,270288715,24778,466872,1797250,233400011,0.9942103737533992,1259514,1100034,894278,786042,814403,11074,12518,993118,40958174,0.0242471258606401,1307873,1679072,0.7789260972727793,17823,2794190,0.0063785927227568,0.0700734270359777,0,0,1871657,1807716,76.09626245948891,70.08006676867437,28.502425000548648,28.998169135079088,68.27499329222199,61.20650994575045,837995,0.9718470873931228,0.0132148759837469,0.0149380366231302
SRR21549324,snm3C-seq,1380760,197261686,1445,374690,1365607,169093875,0.9890256090848518,1061146,970418,810065,743198,1380760,205585816,18573,387898,1366185,177256711,0.9894442191256988,954776,841773,728646,646551,664677,8826,9133,847826,33726260,0.0251384529443822,1058038,1425956,0.7419850261859412,15512,2319313,0.0066881874072192,0.0581324280808213,0,0,1538711,1380760,77.70507913330849,69.8862891921665,23.66130579580944,23.684089252348198,71.06129362254295,61.61486182325234,682636,0.9736916892751042,0.0129292917455276,0.0133790189793682
SRR21549354,snm3C-seq,1589388,225921006,1763,454193,1560265,193361743,0.9816765950164466,1177288,1066089,898943,818389,1589388,235496385,21781,418553,1560849,202740069,0.982044032042522,1083595,953143,822706,728616,747108,9437,11170,1112935,37953423,0.0293237055324364,1215320,1566585,0.7757766096317786,19791,2585056,0.0076559269895893,0.0659657002994824,0,0,1721649,1589388,75.45436191928935,69.42343557897016,23.64289791452898,24.07624619899501,68.3274315581007,61.065676436349705,767715,0.9731580078544771,0.0122923220205414,0.0145496701249812
SRR21549300,snm3C-seq,1754358,244223499,1381,467948,1680461,207884708,0.9578780385759348,1248537,1128106,871126,789314,1754358,254825696,23530,482845,1681530,217971755,0.95848737828881,1141595,1000541,789709,696845,728901,9268,11201,281409,36105432,0.0077940903739913,1024976,1450335,0.7067167240671983,12075,2436189,0.004956511994759,0.0615309823770583,0,0,1660835,1754358,74.29729104097031,67.89025470850952,30.228259154514447,30.824066328251263,67.1307456703845,59.50182274476221,749370,0.9726850554465752,0.0123677222199981,0.0149472223334267
SRR21549347,snm3C-seq,1689925,241528398,1732,431215,1672202,207087355,0.989512552332204,1273634,1149634,954118,864680,1689925,251709700,22787,418659,1673033,217127099,0.9900042901312188,1178268,1034957,880534,778020,789910,11468,12060,1084321,40208990,0.0269671284953936,1282568,1676279,0.7651280007683685,19431,2750150,0.0070654327945748,0.0688384177498917,0,0,1834652,1689925,76.16508053452873,70.4270627058761,25.08695590727006,25.26878435126814,68.7497084682353,61.86112288281224,813438,0.971075853353298,0.0140981857252796,0.0148259609214224
SRR21549315,snm3C-seq,3287602,470768918,2587,847949,3263718,403861275,0.9927351303472866,2491478,2230893,1577093,1414899,3287602,490620113,43996,890721,3265330,423429303,0.9932254573394224,2282303,1984982,1433423,1257385,1343718,18273,22639,689249,65270410,0.0105598999607938,1981338,2686785,0.7374382393827568,21026,4478985,0.0046943671389834,0.1070546196212579,0,0,3010516,3287602,76.33864200277107,69.89501826767892,36.7005046803544,37.19400973490373,68.35434311420289,60.789629225836286,1384630,0.9704527563320164,0.0131970273647111,0.0163502163032723
SRR21549303,snm3C-seq,2057944,294377094,2303,530498,2040106,252468620,0.9913321256555088,1542689,1380255,1068309,958731,2057944,306809311,28171,525048,2041240,264737775,0.9918831610578324,1421919,1237421,977999,856825,894141,11681,14338,1294194,44730724,0.0289329991618289,1454533,1827126,0.7960770083727121,22425,3073278,0.007296769117535,0.0756752488225761,0,0,2046308,2057944,75.61808062914378,69.65956967333582,30.750203054536595,31.219781154904048,67.65604336245273,60.62104407125081,920160,0.9717233959311424,0.0126945313858459,0.0155820726830116
SRR21549362,snm3C-seq,2040229,289087205,2062,547848,1996470,247253515,0.9785519174563247,1506737,1351397,1074525,967415,2040229,301396246,28140,544020,1997542,259228759,0.9790773486701738,1391489,1217704,987226,869635,897925,12695,14313,894500,45024486,0.0198669674985295,1395875,1856964,0.7516973942413531,17888,3062929,0.0058401614924799,0.0768205750256511,0,0,2061751,2040229,75.47005464645099,69.66006221646404,28.68529809781004,29.052547307237063,67.68932165271706,60.96011998746459,924933,0.9708000471385496,0.0137253184825279,0.0154746343789225
SRR21549317,snm3C-seq,3390376,486101996,2874,931453,3370217,417095424,0.9940540518219808,2559161,2285893,1620466,1450960,3390376,506576887,46105,942691,3371930,437334683,0.9945593055165562,2345932,2040744,1471886,1291629,1380213,18654,23602,799024,67076749,0.0119120859599203,2002002,2744240,0.7295287584176311,22956,4598802,0.0049917348039772,0.1102160822289856,0,0,3092352,3390376,75.93460599124626,69.57238139581783,36.67979466708034,37.257942685465736,67.82628536975513,60.521541075882354,1422469,0.970293904471732,0.0131138182976219,0.0165922772306461
SRR21549346,snm3C-seq,1876304,264436713,2067,502491,1824285,225847729,0.9722758145801532,1378192,1250044,1037590,945069,1876304,275766568,24928,496313,1825424,236824579,0.9728828590676136,1268235,1117453,950406,842602,863338,10589,12775,1136847,43883362,0.0259061053708692,1380938,1817814,0.7596695811562679,21877,3007508,0.0072741286141217,0.0750181571871927,0,0,1987996,1876304,75.54696771611891,69.47618745014856,24.71368285405807,25.06073401222959,68.52240740893008,61.21607911367442,886702,0.9736506740708828,0.011942005318585,0.014407320610532
SRR21549316,snm3C-seq,3019301,423959290,2570,847076,2926005,361763696,0.969100132779077,2251933,2029278,1438080,1297452,3019301,442232776,40347,881202,2928378,379321468,0.9698860762805696,2038752,1777839,1289796,1134779,1218972,15035,19588,415705,59235424,0.0070178445924519,1780448,2450059,0.7266959693623705,18696,4078325,0.0045842349493971,0.0976712852428493,0,0,2727876,3019301,76.96271879234656,69.62052030168236,36.14019600050268,36.736003201958844,69.35319659399079,60.710707429163854,1253595,0.9723810321515322,0.0119935066748032,0.0156254611736645
SRR21549369,snm3C-seq,1808008,259227327,1583,454540,1796383,222459414,0.9935702718129564,1374924,1239147,1034974,936505,1808008,270138069,24249,489045,1797173,233208669,0.9940072167822266,1264760,1107603,950691,837553,851326,12304,13215,752300,43216040,0.0174078883673747,1341826,1775587,0.7557083939001581,16366,2932063,0.0055817354538425,0.0742571628337464,0,0,1985665,1808008,76.53846646288682,70.37497224808074,24.725002981983003,24.83230019924729,68.98011170223721,61.63029380031861,876845,0.9708967947584808,0.0140321265446002,0.015071078696919
SRR21549291,snm3C-seq,1302190,184562928,1906,323606,1278485,157899575,0.9817960512674802,970794,873179,785266,709305,1302190,192472422,17268,331778,1279669,165637456,0.9827052887827428,887985,777049,719659,632698,638342,6727,9294,1084206,32997961,0.0328567574220722,1040905,1353437,0.7690827131222214,17653,2255733,0.0078258375437163,0.0572726524507994,0,0,1504925,1302190,75.93315525798113,69.391772403645,19.110954538243952,18.9559508325028,68.29794639749392,60.72265562422783,654363,0.9755166474877094,0.0102802267243105,0.01420312578798
SRR21549301,snm3C-seq,1867607,266518824,1874,461152,1845054,228436352,0.98792411893937,1406840,1266751,972390,877956,1867607,277779638,24812,472219,1846059,239497982,0.9884622407176672,1293557,1130264,889053,782084,815241,12237,12666,989485,40733551,0.0242916459701733,1284321,1706076,0.7527923726727297,17100,2822692,0.0060580467156884,0.0687166998416528,0,0,1861443,1867607,76.24925882928088,70.07127074486786,30.8812658155867,31.27067458179269,68.65658132499102,61.22577880771958,840144,0.9703586528023768,0.0145653602239616,0.0150759869736616
SRR21549302,snm3C-seq,2148329,298850408,2678,554655,2058338,254412267,0.9581111645376476,1561411,1406193,1085190,979855,2148329,311865969,28565,554556,2060548,266823551,0.9591398710346508,1422518,1240180,983655,863440,903904,11564,13841,1369302,45240674,0.0302670557030162,1464417,1863303,0.7859253164944188,22444,3109474,0.0072179410408319,0.0764939668675926,0,0,2068845,2148329,75.85785230608384,69.03590695290768,30.499400862425077,30.851138614766217,68.31691393736111,60.18690173681952,929309,0.9726624836303104,0.012443654371151,0.0148938619985387
SRR21549384,snm3C-seq,934891,127665127,1393,257035,875159,108115476,0.9361080596561524,675333,610624,538563,488120,934891,133329427,12226,256889,876141,113385255,0.9371584494876944,612051,535051,487141,427734,433038,5215,5666,728149,22482963,0.0323867009877657,688515,943480,0.7297610972145674,12159,1550217,0.0078434180505051,0.0391099358881871,0,0,1025704,934891,77.16689195906116,69.85759141508045,20.2522311215356,20.408430016452872,69.77292126345041,61.06905167090685,443919,0.9754887716002244,0.0117476386457889,0.0127635897539866
SRR21549336,snm3C-seq,1423976,201345985,1798,400775,1391533,172103358,0.97721661039231,1025880,906920,807526,718002,1423976,209892643,20218,360977,1392072,180407739,0.9775951280077754,940288,813130,738639,643134,652627,7797,10461,1000931,33345274,0.0300171772467666,1075793,1355835,0.7934542182492708,16670,2244530,0.0074269446164675,0.0584793850522254,0,0,1546165,1423976,73.72300908422581,67.54593153227707,21.284555698522244,21.445450755513207,65.17416403347963,58.41149021027648,670885,0.9727852016366442,0.0116219620352221,0.0155928363281337
SRR21549356,snm3C-seq,1095146,153814053,1028,324646,1060176,131234162,0.9680681845160372,789383,712165,604938,548295,1095146,160361159,15334,295232,1060412,137518697,0.9682836808973416,721431,633387,550030,485776,493294,7069,7811,346339,25209284,0.0137385496549604,773709,1059195,0.7304688938297481,8987,1713745,0.0052440707339773,0.0438515554410648,0,0,1154968,1095146,74.45773154646021,68.03308525365613,23.365717275391027,23.758474476422556,67.17422390244639,59.73027464796702,508174,0.9707186908421132,0.0139105896799127,0.015370719477974
SRR21549328,snm3C-seq,1563522,224271411,1698,408384,1555556,192483572,0.9949050924771126,1165594,1041558,883359,792683,1563522,233718662,20907,428296,1556289,201817154,0.995373905835671,1066921,926818,809455,707267,722590,9173,11512,1046551,36911288,0.0283531422691074,1212099,1518848,0.7980383817208831,18208,2516113,0.0072365589303819,0.0635113302101162,0,0,1692814,1563522,74.9310214482796,68.55545467454952,24.21383431966877,24.131683601691226,66.95728086934832,59.55307786664302,743275,0.972170461807541,0.0123413272341999,0.015488210958259
SRR21549345,snm3C-seq,1544544,218542245,1576,419351,1508574,186815262,0.976711573124495,1127282,1022867,842262,768321,1544544,227870186,20521,400713,1509590,195907419,0.9773693724490852,1036663,915499,772540,686780,700099,9641,10892,678559,35445530,0.0191437114919709,1103134,1472940,0.7489334256656754,15194,2417505,0.0062849921716811,0.0609309157552558,0,0,1614802,1544544,74.72500520358962,68.6718248001113,25.283824278219647,25.47819300968589,67.80356813785734,60.6455395173524,720632,0.9715069550061612,0.0133785343975843,0.0151145105962544
SRR21549318,snm3C-seq,1896111,268127139,1814,532706,1852445,229187567,0.9769707575136688,1406994,1256011,898279,802391,1896111,279559972,25396,525987,1853369,240288500,0.977458070756406,1289782,1119226,815730,713726,764045,10457,11284,421699,37203686,0.011334871496335,1087986,1520617,0.7154898307726403,13368,2544837,0.0052529886982938,0.0625260946433583,0,0,1714009,1896111,75.95334814258993,69.59121470144369,36.15615986990704,36.75442826772276,67.80287673858064,60.38872992911827,785786,0.9723321616826972,0.0133076944613418,0.0143601438559607
SRR21549342,snm3C-seq,1817861,259273195,1716,470337,1793252,222166519,0.9864626613365928,1333128,1193714,947837,852399,1817861,270242241,25497,455160,1794049,232931056,0.9869010886971006,1229564,1073614,869301,763956,791088,10731,13033,663522,39729482,0.0167009980145223,1202657,1621621,0.7416387676281943,15462,2690095,0.0057477524027961,0.0682014424013743,0,0,1817138,1817861,74.34136418082902,68.53569774292674,28.90127579647266,29.30006083457225,66.5669967188103,59.843070061074144,814852,0.9708364218287492,0.013169262639105,0.0159943155321457
SRR21549374,snm3C-seq,1904813,270256650,2298,506699,1869017,231251863,0.9812076041060198,1417740,1280780,1028045,932409,1904813,281784959,25024,500035,1870129,242526768,0.9817913884460048,1297737,1136158,936946,825491,856594,11170,12990,1469303,43042985,0.0341357134037056,1393906,1761402,0.7913616539552016,25252,2951222,0.0085564555970374,0.0736100343171953,0,0,1964991,1904813,75.85484776221939,69.3929135369806,27.487056865151583,27.801549928837662,68.5269315367383,60.75292132253978,880754,0.9725689579610196,0.0126823153797768,0.0147487266592033
SRR21549376,snm3C-seq,1561324,219487082,1652,413203,1515597,187377852,0.9707126771893598,1154259,1037655,841354,758020,1561324,228946239,20610,411142,1516795,196515128,0.9714799746881492,1052447,918304,764053,670784,691758,8268,10320,701101,34978323,0.0200438711712965,1085037,1441297,0.7528198560046958,14381,2399499,0.005993334441898,0.059787194900349,0,0,1605407,1561324,76.15870181849132,69.38623874683131,27.108733828369548,27.402234981904076,68.46509989132996,60.542393665590936,710346,0.9738324703735926,0.0116393982650708,0.0145281313613365
SRR21549389,snm3C-seq,1978854,282163544,1963,553350,1952821,241713644,0.986844405903619,1494613,1352526,1046682,949881,1978854,294117993,26620,540770,1953883,253466473,0.9873810801605374,1369564,1203850,952731,843453,881765,11728,12755,947005,43718692,0.0216613296664959,1367374,1809211,0.7557847039400047,19409,2989471,0.0064924530125898,0.0743090535894198,0,0,1999413,1978854,76.53609829062674,70.09447341524545,29.96969784151483,30.435452450560906,69.26011139781885,61.613208160365794,906248,0.9729842162410288,0.0129412699393543,0.0140745138196167
SRR21549314,snm3C-seq,2785771,393703515,2408,789049,2719634,336469178,0.9762589961630012,2053385,1854900,1305529,1182300,2785771,410517376,36998,810454,2720956,352767322,0.9767335506041236,1862750,1629056,1171916,1034939,1121417,11304,18649,659336,54205315,0.0121636780452249,1654287,2233110,0.7407996023482946,19136,3719159,0.0051452492351093,0.089997299155504,0,0,2477445,2785771,75.50225508285307,68.45939441872636,36.42064201306623,37.08678029794659,68.20403039526643,59.870721908035264,1151370,0.9739849049393332,0.0098178691471898,0.0161972259134769
SRR21549297,snm3C-seq,2071902,294486788,2093,537983,2035807,252109641,0.982578809229394,1581035,1446481,1100710,1009668,2071902,306980630,27838,550399,2036905,264295735,0.9831087570744176,1432966,1266868,990762,882640,923187,14470,13073,1090382,45756233,0.0238302396965239,1453344,1916784,0.7582200185310395,20794,3148295,0.0066048448445904,0.0776218839779183,0,0,2091472,2071902,77.66134019580441,70.3501636060592,30.380415360823765,30.859350466096192,71.05197103654717,62.1957332325268,950730,0.9710296298633682,0.015219883668339,0.0137504864682927
SRR21549332,snm3C-seq,1770172,247867886,2316,527859,1707382,211268266,0.964528870640819,1268763,1135980,1000532,901057,1770172,258570450,23520,483118,1708624,221591927,0.9652304973753962,1153639,1003239,905770,793272,812387,10019,12479,1438612,41237756,0.0348857973746195,1295081,1692693,0.7651009367912551,22939,2806031,0.0081748918668396,0.0719722653664221,0,0,1906302,1770172,74.31043550886679,67.51859976214779,21.141142987303382,21.48583742401219,66.5334412568482,58.71619502008634,834885,0.9730525761032957,0.012000455152506,0.0149469687441983
SRR21549368,snm3C-seq,1751466,246221009,1764,450655,1698650,210199682,0.9698446901053176,1308284,1181012,960782,869762,1751466,256803903,23657,481969,1699953,220375522,0.9705886383178436,1190780,1042616,871202,767114,789671,10563,11689,821890,39907964,0.0205946361984289,1211951,1661928,0.7292439865024237,16204,2730597,0.0059342334295394,0.0683166297942775,0,0,1831984,1751466,77.01904453536632,70.04781896911267,26.56166398121509,26.837703018189764,69.5265063432726,61.33204859193165,811923,0.9725934602172868,0.0130098543827431,0.0143966853999701
SRR21549323,snm3C-seq,1914979,274579885,2117,496273,1900186,235608193,0.9922751111108792,1449988,1296434,1070667,960045,1914979,286100393,26532,470528,1900712,246990722,0.9925497877522416,1344476,1171664,986264,864234,889542,10789,12508,1219126,45136830,0.0270095618145979,1473980,1841927,0.8002380116041515,21425,3066250,0.0069873624133713,0.0773088875904138,0,0,2056931,1914979,76.3076877737232,70.73538758107489,26.160285464431432,26.6432424230704,68.22668938724946,61.64342625289891,912839,0.9744785224995864,0.0118191707409521,0.0137023067594614
SRR21549304,snm3C-seq,2346939,332890010,2780,589669,2301364,284853507,0.9805810888139828,1742629,1557648,1204389,1079960,2346939,347056530,32306,595178,2302565,298660173,0.9810928191998172,1607389,1398222,1104534,967205,1008273,14091,15833,1281591,50331543,0.0254629785540252,1548526,2046852,0.7565402872313192,23604,3425359,0.0068909565391539,0.0853185785646484,0,0,2308923,2346939,75.721572076386,69.80862646657098,30.88666606604159,31.28396424263199,67.68368671796378,60.72453980669385,1038197,0.9711769538921804,0.0135725685972893,0.0152504775105302
SRR21549350,snm3C-seq,1623750,230478303,1747,427171,1592998,197233012,0.9810611239414936,1208492,1087982,908446,821400,1623750,240261466,22294,414071,1593961,206794984,0.981654195535027,1122302,986511,840527,742849,753585,10245,11163,842572,38348409,0.0219714982178269,1213833,1579887,0.768303682478557,16893,2601423,0.0064937536110044,0.0660873995323663,0,0,1748973,1623750,75.86274433489558,70.40962733718077,24.828132912754075,25.10687854071364,68.2977630857038,61.89053559026853,774993,0.9723765246911908,0.0132194742404124,0.0144040010683967
SRR21549299,snm3C-seq,2064812,292412248,2143,530790,2019951,250056893,0.9782735667944588,1481083,1337262,1011527,918283,2064812,304894533,27540,531396,2021317,262211639,0.9789351282344348,1359437,1193232,922907,816635,853864,12456,14956,834850,42257196,0.0197563984131838,1307763,1741930,0.7507551968219159,17376,2882099,0.0060289393251238,0.0717525355329993,0,0,1934434,2064812,73.322719214476,67.25501244980376,31.70355746436898,32.11108716328892,66.2026950158692,59.03240313122583,881276,0.9688951021019522,0.0141340510804787,0.016970846817569
SRR21549357,snm3C-seq,1746511,247628432,1642,509539,1709818,211787541,0.9789906848568374,1322202,1208120,949649,869988,1746511,258097142,24105,494687,1710495,221951203,0.979378314823096,1201947,1063584,857636,764623,794090,11241,11268,668926,39604178,0.0168902886963087,1226150,1669576,0.7344080173648878,15463,2718005,0.0056890991738425,0.0677802355139066,0,0,1807285,1746511,77.32998482879464,70.26895723167856,28.17670824881523,28.64610502792553,70.65781270287246,62.17989529346768,816599,0.9724356752824824,0.013765630376721,0.0137986943407964
SRR21549312,snm3C-seq,3611736,514327508,3702,964740,3559672,440528267,0.985584771422939,2675855,2371597,1612267,1431028,3611736,536090264,49208,907063,3561544,461913000,0.9861030817313337,2476678,2143862,1470310,1283295,1389111,17831,23185,1404748,66963663,0.0209777652097675,2105679,2693736,0.7816946426821336,28188,4567945,0.0061708273632891,0.1099035450355055,0,0,3082577,3611736,75.17139219568546,69.5394469364972,39.74759469403237,40.63378444836188,66.62403165235449,60.19473576628563,1430127,0.9713200296197472,0.012468123460364,0.0162118469198889
SRR21549327,snm3C-seq,875005,125023293,680,236016,866190,107179477,0.9899257718527322,692558,624854,537545,484802,875005,130306286,11667,247101,866654,112374116,0.9904560545368312,633693,553813,490492,430395,440170,5119,4734,243659,22379813,0.0108874457530096,662278,920765,0.7192693032424126,7190,1524270,0.0047170120779127,0.0386388244239841,0,0,1028037,875005,79.95451344393263,73.11949174641784,22.382674086502508,22.59785100987387,72.13821447950218,63.90243395865016,450023,0.9781055634934216,0.0113749741679869,0.0105194623385915
SRR21549331,snm3C-seq,1698506,240502661,1657,510478,1660701,205576898,0.977742204031072,1237122,1106399,971887,874293,1698506,250762362,22864,470056,1661918,215603552,0.9784587160716536,1127671,983354,882901,775806,790002,10262,12462,572495,39928845,0.0143378802968129,1218463,1642511,0.7418294306704796,14396,2699753,0.0053323396621839,0.0696278572323769,0,0,1854788,1698506,74.49396369364504,67.8535884441952,21.43968016088955,21.70579894313146,66.62240824808319,59.16982667014858,812726,0.972039777243499,0.0126266416972017,0.0153335810592991
SRR21549305,snm3C-seq,3445914,491682145,3353,972567,3401548,421280857,0.9871250414258742,2609485,2378985,1581710,1443613,3445914,512428519,46054,922442,3403226,441682767,0.9876119949598278,2373372,2095409,1415088,1262193,1371590,21415,20481,1632456,65387949,0.0249657012487117,2148920,2725444,0.7884660260860249,28215,4514394,0.0062500083067627,0.1074851154838586,0,0,2996798,3445914,76.71463110325064,69.73888892480252,39.38612408195487,40.37647701245317,69.93830456015908,61.57125621395699,1413486,0.9703598054738428,0.015150486103152,0.0144897084230052
SRR21549333,snm3C-seq,138216,19567414,149,45032,135589,16728047,0.980993517393066,99374,88861,79292,71154,138216,20364654,2196,36702,135371,17489836,0.979416275973838,90196,78333,71943,62801,62332,1033,1102,95659,3183815,0.0300454015073111,106271,133823,0.7941161085911989,1616,214105,0.0075476985591181,0.0056553658604697,0,0,151235,138216,73.29060617011704,66.62874618640625,20.208505242820053,20.237039336555934,65.53702733997596,57.86542169297708,64467,0.9668822808568726,0.0160237020491103,0.017094017094017
SRR21549319,snm3C-seq,136693,19669227,167,38516,136190,16890000,0.9963202212256664,106578,97697,80038,73508,136693,20490836,1790,34409,136234,17708079,0.9966421104226258,96923,85938,72234,64270,64488,1263,919,124926,3247444,0.0384690236382829,110461,139265,0.7931712921408824,1987,223057,0.0089080369591629,0.0057169494916021,0,0,152272,136693,78.25684705191277,71.14450137263826,24.90194974572614,25.472797994284125,71.73581026507085,63.08116916481935,66670,0.967271636418179,0.0189440527973601,0.0137843107844607
SRR21549358,snm3C-seq,2177983,308811980,1953,615834,2130942,264117152,0.9784015761371876,1626093,1469047,1152435,1046244,2177983,321954745,29861,622951,2132049,276891626,0.9789098445671982,1504074,1327532,1059646,942627,971404,15038,14776,739303,48292260,0.0153089335640949,1484810,2009608,0.7388555379954698,18249,3289685,0.0055473396389015,0.082339365085107,0,0,2212081,2177983,76.30864659854656,70.54593961020595,29.128592276087527,29.54828020429846,68.93885427196047,62.265548305878525,1001218,0.9702222692760218,0.0150197059980943,0.0147580247258838
SRR21549378,snm3C-seq,1639800,233619554,1761,420218,1617524,200146748,0.986415416514209,1201856,1074002,867583,778244,1639800,243527298,21804,423814,1618416,209870362,0.9869593852908892,1110555,969353,799071,701748,720175,9330,11217,635206,36286756,0.0175051746152232,1095100,1488780,0.7355687206974838,15080,2472364,0.006099425489127,0.0621237875813937,0,0,1666654,1639800,74.30220509865696,68.61987276448083,27.813065791575696,28.04759782271027,66.39790197857961,59.89516910361736,740722,0.9722608481994596,0.0125958186742124,0.015143333126328
SRR21549322,snm3C-seq,2286548,328936632,2174,579537,2278283,282510004,0.9963853809323048,1739459,1558227,1273288,1145321,2286548,342691043,31488,570228,2278788,296136712,0.9966062378747352,1606268,1400517,1169531,1026224,1056599,13468,16372,1118273,53510958,0.0208980186824537,1674377,2198874,0.7614701888330118,21383,3650335,0.0058578185289843,0.0905867922306922,0,0,2442819,2286548,76.34955797853033,70.48782071873293,26.79976935357488,27.189547447872958,68.39479555437143,61.45885444367796,1086439,0.9725341229466172,0.0123964622035843,0.0150694148497982
SRR21549298,snm3C-seq,2634981,373896113,2483,739994,2581952,319861909,0.9798749972011184,1976746,1787747,1364112,1239507,2634981,389767252,35785,713403,2583240,335340546,0.9803638052798104,1824932,1609371,1251010,1111869,1152127,20190,17946,1026428,56983281,0.018012792208297,1739991,2350710,0.7401980678178083,22290,3883341,0.0057399028310931,0.0963086423551719,0,0,2615122,2634981,76.56013744639715,70.64508137068178,30.992044501417997,31.448952618508528,69.24013304662519,62.30048311422864,1190263,0.96796002228079,0.0169626376691537,0.0150773400500561
SRR21549371,snm3C-seq,1461675,208540828,1287,388142,1443268,178708817,0.9874069133015204,1126140,1029831,821143,753215,1461675,217361192,19367,398971,1443933,187353412,0.9878618707989122,1021891,905529,741923,662266,682415,9489,9395,595063,34169557,0.0174150048243235,1053996,1431730,0.7361695291710029,14003,2346856,0.0059667060953036,0.0586357102243058,0,0,1563066,1461675,78.02708852409947,70.77135850486137,27.08339993251283,27.397051153205187,71.35410748384915,62.71267434153801,701299,0.9730728262837962,0.0135306053480755,0.0133965683681282
SRR21549385,snm3C-seq,1351631,193516452,1307,359966,1340417,165984213,0.9917033569073216,1018907,912859,801148,721061,1351631,201672145,17976,373749,1341129,174020308,0.9922301278973328,933680,814138,734275,643053,648140,9070,10313,570415,33523752,0.0170152493670756,1022819,1374720,0.7440198731378026,13630,2289055,0.0059544222397452,0.0582607285024434,0,0,1535423,1351631,76.01418066168961,69.61895537267482,21.371822943605256,21.356888869848344,68.10261284361509,60.70542058221096,667523,0.9709627982856022,0.0135875467961403,0.0154496549182574
SRR21549329,snm3C-seq,445571,63231180,486,128199,436917,54094512,0.9805777305973684,331376,299634,264030,239574,445571,65925077,5799,128630,437156,56718426,0.9811141209818413,295250,258795,234688,207066,208776,3126,3139,228512,10592098,0.0215738185201836,339149,449557,0.7544071163389737,4770,725013,0.0065791923731022,0.0187239659096494,0,0,498718,445571,75.84415346621898,67.53881909432789,20.323137463183816,20.512108382726502,68.57915805519126,59.19969072825262,215041,0.9708660208983404,0.0145367627568696,0.01459721634479
SRR21549359,snm3C-seq,2208176,313632925,2312,603366,2166230,268374006,0.9810042315467608,1658288,1501972,1181670,1074354,2208176,326977881,29827,609723,2167509,281395725,0.9815834426241388,1524082,1342000,1080317,958264,994573,13504,14799,1037592,49498896,0.0209619220598374,1562620,2041835,0.7653017996067263,21100,3368399,0.0062641035103026,0.0844059443561409,0,0,2261987,2208176,76.55179736223762,70.31490988042034,28.741569618787565,29.116871664385517,69.3357584374697,61.91439112824907,1022876,0.9723299793914414,0.013201991248206,0.0144680293603525
SRR21549364,snm3C-seq,1883081,268219606,2175,511654,1853671,229715447,0.984381978257972,1412679,1276892,1029161,935262,1883081,279568705,25875,512980,1854548,240818862,0.9848477043738426,1307438,1153046,949844,843626,860112,14865,12886,1197563,43155590,0.0277498928875726,1351701,1798241,0.7516795579680365,20501,2930768,0.0069950948010896,0.0744139570868038,0,0,1979005,1883081,76.2098020630414,70.49901107978872,27.148276430809823,27.35074244438359,68.88450000026974,62.17396368279494,887863,0.9687440517287014,0.0167424478776568,0.0145135003936418
SRR21549388,snm3C-seq,2212792,315648197,2808,616792,2183068,270428890,0.986567196555302,1673514,1510575,1168040,1058844,2212792,328996532,29899,593859,2184068,283549775,0.9870191143135008,1547663,1361531,1073245,951532,989458,15448,14553,1742388,49039600,0.0355302245532182,1625247,2015263,0.8064689323428257,27939,3330359,0.0083891856703736,0.083666721804859,0,0,2241285,2212792,76.65881227703397,70.8614841662439,30.20434845480826,30.653830969662,69.1950502687044,62.33922203887424,1019459,0.970571646333987,0.0151531351432475,0.0142752185227655
SRR21549373,snm3C-seq,1802625,257068882,1502,499376,1779705,220236930,0.987285209070106,1350264,1220410,974916,884899,1802625,267975689,23999,490967,1780755,230964503,0.9878676929477844,1240803,1092238,891334,790199,813097,11162,12650,445715,40552619,0.0109910287175287,1186914,1659438,0.7152505848365531,14494,2749360,0.0052717723397445,0.0695145948657785,0,0,1866250,1802625,75.87010206747748,69.67847907207899,27.798119478857465,28.16474492727693,68.57372429700428,61.33566942111632,836909,0.9715476832009214,0.0133371728586978,0.0151151439403806
SRR21549339,snm3C-seq,2293122,326042678,2251,620210,2252411,279112303,0.982246474457094,1711900,1552608,1222428,1113250,2293122,339908912,30998,615103,2253435,292662986,0.9826930272353586,1566268,1376047,1110149,982643,1028528,12415,15344,1270902,51339387,0.0247549118574399,1605802,2112900,0.7599990534336694,24029,3508173,0.0068494341641646,0.0873916623519944,0,0,2332577,2293122,76.00300300433625,69.50579892475265,28.592324318009236,29.12138918754644,68.93093667185963,61.06441943078011,1056287,0.9737202105109692,0.0117534344359061,0.0145263550531247
SRR21549367,snm3C-seq,1758518,252011272,1934,451353,1745824,216224617,0.9927814216288944,1406970,1275939,1035566,940683,1758518,262606529,23796,463506,1746703,226683688,0.9932812743457844,1298714,1142403,951566,841567,863396,12672,10985,1077394,43398109,0.0248258282405807,1380352,1802548,0.7657782206077175,20408,2964981,0.0068830120665191,0.0741837818709682,0,0,1987132,1758518,80.5905979067764,74.35230832030403,26.397435624071587,26.730134579283813,73.0852021738732,65.40339141800294,887053,0.9733307930867716,0.0142855049247339,0.0123837019884944
SRR21549386,snm3C-seq,1292859,183201698,1688,328546,1265911,156715794,0.979156273035188,948430,847223,744197,668296,1292859,190998809,17469,330784,1266684,164309478,0.9797541727288126,871226,758293,684613,598827,603469,8156,9546,899307,31293189,0.0287381065573086,1017215,1280305,0.794509901937429,15701,2128170,0.0073777000897484,0.0545429607563844,0,0,1428810,1292859,74.920748773018,68.78005879919537,21.533797960840552,21.419585733208145,66.92595293034029,59.864417644811176,621171,0.9715022111463671,0.0131300398762981,0.0153677489773347
SRR21549294,snm3C-seq,920940,126363919,1357,236488,869574,107184387,0.9442243794384,649139,584165,529810,478416,920940,131985783,12089,241492,871016,112466392,0.9457901709123288,588822,513851,481215,421890,424765,4094,5872,448582,22134140,0.0202665204069369,694436,923368,0.7520685143951275,9300,1522318,0.0061091046680128,0.0384113076998685,0,0,1011025,920940,74.65023103266657,67.6017432515591,18.3826576434323,18.27496255235028,67.17829649920536,58.99443867850878,434731,0.9770754788593408,0.009417317835627,0.0135072033050323
SRR21549310,snm3C-seq,3384393,475859980,3261,932886,3284611,406212095,0.9705170173794828,2498818,2237840,1519274,1361327,3384393,496294727,45403,897363,3286977,425956307,0.9712161087675102,2283335,1985428,1366892,1199161,1301770,15781,21123,977479,62616782,0.0156104956016423,1880827,2573752,0.7307724287343924,23624,4307231,0.0054847302129837,0.1027422974126063,0,0,2886166,3384393,76.07652778365535,69.46610822041043,39.20029389895543,40.1361604845544,68.13105113512681,60.402856484849146,1338674,0.9724324219339436,0.0117885310389235,0.0157790470271328
SRR21549340,snm3C-seq,152999,20184818,205,38247,136960,16931744,0.8951692494722188,89480,80698,64744,58461,152999,21127636,1893,39120,137180,17769668,0.896607167367107,81009,70591,58552,51340,52776,761,810,90263,2674591,0.0337483375962904,88447,111545,0.7929266215428751,1425,181358,0.0078573870466149,0.0046899466763465,0,0,123296,152999,65.33294392523365,59.05306896048986,27.644166294143947,27.721611179004803,58.92085280373832,51.45866744423385,54347,0.9710931606160412,0.0140026128397151,0.0149042265442434
SRR21549353,snm3C-seq,1512392,216103521,1584,420882,1494213,185212620,0.987979968156404,1132176,1025139,862218,784821,1512392,225204995,20913,392435,1494943,194181520,0.9884626472501838,1045332,921795,792293,702998,716347,10129,10934,870640,36321677,0.0239702588622215,1167916,1501858,0.7776474207281914,16227,2461621,0.0065919977120767,0.0633066937254154,0,0,1654511,1512392,75.77072345107425,69.924538928909,23.8441726374698,24.206567865520235,68.60728691291,61.66087937800973,737410,0.9714365142864892,0.013735913535211,0.0148275721782997
SRR21549361,snm3C-seq,1993442,285473942,2605,540218,1976535,244859013,0.9915186897838012,1489149,1340263,1058182,956550,1993442,297491099,26952,527548,1977544,256728249,0.9920248494814496,1372741,1202095,971068,856327,885752,13479,13792,1736871,44393053,0.0391248378434346,1474606,1838243,0.8021823012517931,25857,3031556,0.0085292833119361,0.0758713543318493,0,0,2029250,1993442,75.34139289210664,69.41645799031527,28.940488829526124,29.26065441332341,67.80871575762635,60.78726946151388,913023,0.9701310919878252,0.0147630453997325,0.0151058626124424
SRR21549370,snm3C-seq,1526967,214764443,1924,396681,1481903,183366729,0.9704879018341588,1107838,1003115,840846,763901,1526967,224011931,20451,412197,1483075,192275404,0.9712554364305188,1007448,882434,763638,672431,685412,9593,9959,1130958,34986769,0.0323253056033839,1146645,1450474,0.7905312332382379,19554,2389481,0.0081833670156824,0.0606166380919209,0,0,1604484,1526967,74.75779453850893,67.92967314532306,24.10027458888393,24.20075279319628,67.69100271745182,59.50029499519579,704964,0.9722652504241353,0.0136077870643039,0.0141269625115608
SRR21549311,snm3C-seq,3352201,480554059,3169,931000,3330503,412300169,0.9935272377760164,2489173,2219129,1494029,1334366,3352201,500782465,45687,863813,3332257,432368548,0.9940504760901868,2305424,2004968,1360904,1194127,1289601,17593,22292,1297486,61920707,0.0209539920143353,1899280,2521550,0.7532192500644445,25868,4248374,0.0060889177836037,0.1017312481109558,0,0,2854933,3352201,74.73865058821445,69.18505985582745,39.97890062281729,40.96947025796557,66.63044591162355,60.16846839844586,1329486,0.9699996840884372,0.0132329336299893,0.0167673822815734
SRR21549313,snm3C-seq,3307823,471295265,2557,943189,3261781,403630761,0.9860808755486614,2509430,2269795,1594256,1445039,3307823,491273809,45242,948677,3263684,423213198,0.9866561783989046,2290921,2011263,1440924,1276625,1372581,16767,22044,540016,66115326,0.0081677885094297,1907963,2731496,0.698504775405126,20120,4527766,0.004443692540648,0.1089746259173866,0,0,3035180,3307823,76.93434966970499,70.19432641150307,36.46939743288316,37.10285077486304,69.58759646953612,61.62554340432468,1411392,0.9725016154264726,0.0118797612569718,0.0156186233165555
SRR21549330,snm3C-seq,413743,57563781,534,124695,395394,48964982,0.9556512134344268,287318,257194,225137,202774,413743,60056068,5792,112934,395660,51340791,0.9562941246135886,261938,229004,204779,180220,181269,3038,2820,272808,9162630,0.0297739841071832,301852,380612,0.7930701081416246,4669,615294,0.0075882423686887,0.0164115186317788,0,0,429916,413743,72.66625189051933,66.20280038416823,21.641874160338027,21.821576098160637,65.04752221834423,57.878987009048174,187127,0.9686950573674564,0.0162349634205646,0.015069979211979
SRR21549289,snm3C-seq,991589,140364771,1183,253704,971331,120047061,0.9795701646549124,751705,686243,611949,560784,991589,146380528,13151,265052,972243,125904825,0.980489900553556,679022,600176,553828,491994,493498,6841,6616,675680,25567726,0.026427066685555,816148,1079716,0.7558913640253548,12018,1761711,0.0068217772381508,0.0445422107175069,0,0,1165777,991589,77.38917011811628,69.84077026010988,18.59186782048809,18.43739967188103,70.64975790950767,61.7310692902906,506955,0.9734552376443668,0.0134942943653775,0.0130504679902555
SRR21549292,snm3C-seq,1343557,188539019,1651,333897,1302953,160885859,0.9697787291495634,980667,883738,793687,718745,1343557,196703404,17302,359000,1304153,168757353,0.9706718806868632,891931,779968,722893,635465,642618,7118,9663,874336,33329371,0.0262331983402867,1059053,1369544,0.7732887734895703,16636,2283290,0.0072859776900875,0.057718228113335,0,0,1516580,1343557,75.26495583493802,68.3915920908053,19.06661486518869,18.9519144418122,67.82577729204353,59.806479761193664,659399,0.974551068472958,0.0107946781842253,0.0146542533428167
SRR21549325,snm3C-seq,1773333,253431381,1987,478925,1753642,217254924,0.9888960505443704,1341616,1211376,1012260,918838,1773333,264138266,24275,491023,1754409,227774594,0.9893285694226636,1232068,1083108,929527,822338,839261,12450,12158,1234020,42484379,0.029046440810633,1395849,1770639,0.7883306535098346,21711,2897759,0.0074923414956178,0.0731780997198882,0,0,1941787,1773333,76.50455452139035,70.22695392009503,24.549200367318225,24.55554401218114,69.07772510010595,61.73634540178488,863869,0.971514199490895,0.014411907360954,0.0140738931481509
SRR21549337,snm3C-seq,2117845,302447510,2325,588430,2090130,259184689,0.9869135843274648,1597132,1444721,1137389,1033663,2117845,315213041,29222,561519,2090958,271728703,0.987304547783242,1474775,1299506,1044802,927527,957816,15706,14231,1335577,47835129,0.0279204222486783,1556661,1969242,0.7904874058140137,23523,3256141,0.0072241957581075,0.0820617127225102,0,0,2182191,2117845,76.41304607847358,70.53106757763666,28.78553557251373,29.15515926158228,69.12110729954595,62.148833214249166,987753,0.9696918156664672,0.0159007363176826,0.0144074480158501
SRR21549382,snm3C-seq,1537591,216076171,1843,404405,1490153,184409258,0.9691478423065693,1130742,1021172,892010,809209,1537591,225366200,19912,418615,1491089,193353544,0.9697565867646208,1029284,900465,811144,713530,726816,8673,11128,1120425,37476362,0.0298968453768271,1227558,1539326,0.7974646046386535,19256,2563698,0.0075110250895386,0.0650508561739596,0,0,1703154,1537591,75.88093303170882,69.02901168206593,21.11286217368772,21.193373257526595,68.52799678959141,60.38975540695425,746617,0.9734790394539636,0.0116163976978825,0.0149045628481537
SRR21549365,snm3C-seq,2062070,294118762,1922,536825,2034759,252010401,0.986755541761434,1554324,1408519,1132424,1030111,2062070,306551570,27916,554471,2035799,264197078,0.9872598893345036,1428925,1258292,1036800,919139,946998,12782,14449,807996,47364400,0.0170591414648976,1448754,1955547,0.740843354826041,18249,3217456,0.0056718724358623,0.0811497760934417,0,0,2169224,2062070,76.3886042523955,70.1898861331595,27.143632859043542,27.44195811536645,69.22289076986513,61.80826299649426,974229,0.9720486661760224,0.0131201185758173,0.0148312152481603
