dataset,cell,noncpg_chrM,noncpg_auto,auto_chrom
scnome,K562_01,12.0465,0.397,chr21
scnome,K562_02,3.125,0.3329999999999999,chr21
scnome,K562_03,10.79,0.3555,chr21
scnome,K562_04,8.891,0.258,chr21
scnome,K562_05,2.2725,0.3305,chr21
scnome,K562_06,7.868,0.3285,chr21
scnome,K562_07,2.5,0.2545,chr21
scnome,K562_08,0.0,0.3595,chr21
scnome,K562_09,5.174,0.3295,chr21
scnome,K562_10,6.5475,0.3984999999999999,chr21
scnome,K562_11,6.25,0.3135,chr21
scnome,SRR3729642,5.0,0.3245,chr21
scnome,SRR3729643,8.188,0.347,chr21
scnome,SRR3729644,0.0,0.306,chr21
scnome,SRR3729645,2.439,0.3685,chr21
scnome,SRR3729646,9.6975,0.4125,chr21
scnome,SRR3729647,1.0,0.43,chr21
scnome,SRR3729648,9.1405,0.3279999999999999,chr21
scnome,SRR3729649,5.2095,0.4905,chr21
scnome,SRR3729650,2.5,0.3725,chr21
scnome,SRR3729651,7.143,0.3874999999999999,chr21
scnome,SRR3729652,8.8275,0.3984999999999999,chr21
scnome,SRR3729653,12.153,0.272,chr21
smallwood,SRR1248444,0.358,2.164,chr19
smallwood,SRR1248445,0.484,2.209,chr19
smallwood,SRR1248446,0.874,2.31,chr19
smallwood,SRR1248447,0.231,2.373,chr19
smallwood,SRR1248448,0.184,2.297,chr19
smallwood,SRR1248449,0.231,2.338,chr19
smallwood,SRR1248450,0.329,2.098,chr19
smallwood,SRR1248451,0.305,2.261,chr19
smallwood,SRR1248452,0.306,2.441,chr19
smallwood,SRR1248453,0.516,2.211,chr19
smallwood,SRR1248454,0.256,1.943,chr19
smallwood,SRR1248455,0.364,1.907,chr19
smallwood,SRR1248457,1.315,0.309,chr19
smallwood,SRR1248458,1.044,0.363,chr19
smallwood,SRR1248459,1.046,0.412,chr19
smallwood,SRR1248460,1.08,0.345,chr19
smallwood,SRR1248461,0.499,0.271,chr19
smallwood,SRR1248462,1.586,0.516,chr19
smallwood,SRR1248463,1.223,0.412,chr19
smallwood,SRR1248464,0.818,0.345,chr19
smallwood,SRR1248465,0.152,0.572,chr19
smallwood,SRR1248466,0.682,0.321,chr19
smallwood,SRR1248467,0.356,0.344,chr19
smallwood,SRR1248468,0.311,0.318,chr19
smallwood,SRR1248470,,5.882,chr19
smallwood,SRR1248471,0.0,1.293,chr19
smallwood,SRR1248472,,6.25,chr19
smallwood,SRR1248473,,0.93,chr19
smallwood,SRR1248474,0.0,5.882,chr19
smallwood,SRR1248475,0.141,0.955,chr19
smallwood,SRR1248476,0.521,7.143,chr19
smallwood,SRR1248477,0.1,0.706,chr19
smallwood,SRR1248478,0.297,0.809,chr19
smallwood,SRR1248479,0.497,0.668,chr19
smallwood,SRR1248480,0.184,0.533,chr19
smallwood,SRR1248481,0.995,0.648,chr19
smallwood,SRR1248482,0.712,0.657,chr19
smallwood,SRR1248483,1.61,2.395,chr19
smallwood,SRR1248484,0.856,0.671,chr19
smallwood,SRR1248485,1.21,0.447,chr19
smallwood,SRR1248486,0.163,0.867,chr19
smallwood,SRR1248487,0.17,1.088,chr19
smallwood,SRR1248488,0.615,1.118,chr19
smallwood,SRR1248489,0.129,0.727,chr19
smallwood,SRR1248490,0.497,0.898,chr19
smallwood,SRR1248491,0.0,0.787,chr19
smallwood,SRR1248492,0.078,0.625,chr19
smallwood,SRR1248493,0.203,0.796,chr19
smallwood,SRR1248494,0.492,0.786,chr19
smallwood,SRR1248495,0.234,0.484,chr19
smallwood,SRR1248496,0.846,0.599,chr19
snmCseq2,SRR6911777,0.0,1.544,chr19
snmCseq2,SRR6911778,3.226,2.592,chr19
snmCseq2,SRR6911779,0.0,1.8305,chr19
snmCseq2,SRR6911780,0.0,1.754,chr19
snmCseq2,SRR6911781,0.0,1.3645,chr19
snmCseq2,SRR6911782,0.0,1.9455,chr19
snmCseq2,SRR6911783,2.5,1.4089999999999998,chr19
snmCseq2,SRR6911784,0.0,1.0925,chr19
snmCseq2,SRR6911785,16.6665,1.8159999999999998,chr19
snmCseq2,SRR6911786,16.6665,1.3719999999999999,chr19
snmCseq2,SRR6911787,0.0,2.525,chr19
snmCseq2,SRR6911788,0.0,1.166,chr19
snmCseq2,SRR6911789,11.765,2.4074999999999998,chr19
snmCseq2,SRR6911790,0.595,1.9914999999999998,chr19
snmCseq2,SRR6911791,0.0,2.7365000000000004,chr19
snmCseq2,SRR6911792,0.0,0.6375,chr19
snmCseq2,SRR6911793,0.9435,1.476,chr19
snmCseq2,SRR6911794,2.0,2.0175,chr19
snmCseq2,SRR6911795,0.0,1.2325,chr19
snmCseq2,SRR6911796,0.0,2.2555,chr19
snmCseq2,SRR6911797,,2.1355,chr19
snmCseq2,SRR6911798,0.0,1.693,chr19
snmCseq2,SRR6911799,0.0,1.956,chr19
snmCseq2,SRR6911800,27.778,1.605,chr19
snmCseq2,SRR6911801,0.0,1.1785,chr19
snmCseq2,SRR6911802,0.0,1.4135,chr19
snmCseq2,SRR6911803,0.0,1.8565,chr19
snmCseq2,SRR6911804,2.055,1.546,chr19
snmCseq2,SRR6911805,0.0,1.7345000000000002,chr19
snmCseq2,SRR6911806,0.0,2.3914999999999997,chr19
snmCseq2,SRR6911807,,1.6605,chr19
snmCseq2,SRR6911808,0.0,1.8729999999999998,chr19
snmCseq2,SRR6911809,16.667,1.257,chr19
snmCseq2,SRR6911810,3.226,2.388,chr19
snmCseq2,SRR6911811,1.471,1.8860000000000001,chr19
snmCseq2,SRR6911812,4.348,2.1895,chr19
snmCseq2,SRR6911813,0.0,1.6795,chr19
snmCseq2,SRR6911814,5.0,1.2094999999999998,chr19
snmCseq2,SRR6911815,0.0,0.7965,chr19
snmCseq2,SRR6911816,1.1905,0.863,chr19
snmCseq2,SRR6911817,,0.5225,chr19
snmCseq2,SRR6911818,5.263,0.46399999999999997,chr19
snmCseq2,SRR6911819,1.6665,2.2409999999999997,chr19
snmCseq2,SRR6911820,0.0,1.4115,chr19
snmCseq2,SRR6911821,0.0,1.9285,chr19
snmCseq2,SRR6911822,2.703,2.548,chr19
snmCseq2,SRR6911823,0.0,1.631,chr19
snmCseq2,SRR6911824,0.0,2.3445,chr19
snmCseq2,SRR6911825,0.0,1.8685,chr19
snmCseq2,SRR6911826,0.0,1.3650000000000002,chr19
snmCseq2,SRR6911827,0.0,1.305,chr19
snmCseq2,SRR6911828,2.5,1.9505,chr19
snmCseq2,SRR6911829,0.0,1.3054999999999999,chr19
snmCseq2,SRR6911830,0.0,2.2485,chr19
snmCseq2,SRR6911831,0.8065,2.444,chr19
snmCseq2,SRR6911832,,1.301,chr19
snmCseq2,SRR6911833,0.0,0.911,chr19
snmCseq2,SRR6911834,2.83,0.5115000000000001,chr19
snmCseq2,SRR6911835,1.25,0.6755,chr19
snmCseq2,SRR6911836,0.0,1.325,chr19
snmCseq2,SRR6911837,0.0,1.1315,chr19
snmCseq2,SRR6911838,0.0,1.9914999999999998,chr19
snmCseq2,SRR6911839,0.0,2.6494999999999997,chr19
snmCseq2,SRR6911840,0.0,1.0875000000000001,chr19
snmCseq2,SRR6911841,0.0,2.2525,chr19
snmCseq2,SRR6911842,4.762,1.9425,chr19
snmCseq2,SRR6911843,3.846,1.94,chr19
snmCseq2,SRR6911844,0.0,1.404,chr19
snmCseq2,SRR6911845,0.5,1.9015,chr19
snmCseq2,SRR6911846,0.0,2.2824999999999998,chr19
snmCseq2,SRR6911847,0.0,2.951,chr19
snmCseq2,SRR6911848,0.0,1.8745,chr19
snmCseq2,SRR6911849,0.0,1.5034999999999998,chr19
snmCseq2,SRR6911850,0.0,1.1165,chr19
snmCseq2,SRR6911851,0.0,2.0645,chr19
snmCseq2,SRR6911852,0.0,1.504,chr19
snmCseq2,SRR6911853,0.0,2.11,chr19
snmCseq2,SRR6911854,1.5875,1.6219999999999999,chr19
snmCseq2,SRR6911855,0.0,1.1265,chr19
snmCseq2,SRR6911856,0.0,3.152,chr19
snmCseq2,SRR6911857,0.0,1.6155,chr19
snmCseq2,SRR6911858,0.0,1.5235,chr19
snmCseq2,SRR6911859,0.0,1.9285,chr19
snmCseq2,SRR6911860,0.0,0.8325,chr19
snmCseq2,SRR6911861,,2.4814999999999996,chr19
snmCseq2,SRR6911862,0.0,1.1495,chr19
snmCseq2,SRR6911863,,2.041,chr19
snmCseq2,SRR6911864,2.899,0.32699999999999996,chr19
snmCseq2,SRR6911865,0.0,0.6245,chr19
snmCseq2,SRR6911866,,0.459,chr19
snmCseq2,SRR6911867,0.0,0.7505,chr19
snmCseq2,SRR6911868,0.0,1.187,chr19
snmCseq2,SRR6911869,0.0,1.5935,chr19
snmCseq2,SRR6911870,0.0,1.6785,chr19
snmCseq2,SRR6911871,0.0,1.0979999999999999,chr19
snmCseq2,SRR6911872,0.0,1.3599999999999999,chr19
snmCseq3,SRR21549324,0.0,1.885,chr19
snmCseq3,SRR21549354,0.562,2.32,chr19
snmCseq3,SRR21549376,1.818,1.482,chr19
snmCseq3,SRR21549389,0.0,1.652,chr19
snmCseq3,SRR21549303,0.0,2.202,chr19
snmCseq3,SRR21549362,0.0,1.4,chr19
snmCseq3,SRR21549300,0.0,0.68,chr19
snmCseq3,SRR21549347,0.0,2.059,chr19
snmCseq3,SRR21549308,0.0,2.318,chr19
snmCseq3,SRR21549377,0.0,2.222,chr19
snmCseq3,SRR21549319,,2.306,chr19
snmCseq3,SRR21549358,0.855,1.096,chr19
snmCseq3,SRR21549304,12.5,1.895,chr19
snmCseq3,SRR21549350,,1.55,chr19
snmCseq3,SRR21549342,0.0,1.186,chr19
snmCseq3,SRR21549374,0.0,2.637,chr19
snmCseq3,SRR21549313,0.0,0.635,chr19
snmCseq3,SRR21549330,0.0,2.294,chr19
snmCseq3,SRR21549310,5.556,1.174,chr19
snmCseq3,SRR21549340,,2.487,chr19
snmCseq3,SRR21549339,,1.747,chr19
snmCseq3,SRR21549367,0.0,1.709,chr19
snmCseq3,SRR21549352,6.818,1.625,chr19
snmCseq3,SRR21549387,0.0,1.219,chr19
snmCseq3,SRR21549306,1.667,1.392,chr19
snmCseq3,SRR21549326,2.222,1.704,chr19
snmCseq3,SRR21549299,0.0,1.417,chr19
snmCseq3,SRR21549357,0.0,1.295,chr19
snmCseq3,SRR21549337,0.0,1.858,chr19
snmCseq3,SRR21549382,0.0,2.23,chr19
snmCseq3,SRR21549289,0.0,1.919,chr19
snmCseq3,SRR21549292,4.348,1.915,chr19
snmCseq3,SRR21549353,0.0,1.695,chr19
snmCseq3,SRR21549361,2.222,3.034,chr19
snmCseq3,SRR21549335,5.906,1.595,chr19
snmCseq3,SRR21549380,,1.833,chr19
snmCseq3,SRR21549290,0.0,2.631,chr19
snmCseq3,SRR21549355,3.571,2.049,chr19
snmCseq3,SRR21549307,2.857,2.725,chr19
snmCseq3,SRR21549363,0.0,1.518,chr19
snmCseq3,SRR21549302,0.0,2.227,chr19
snmCseq3,SRR21549384,0.0,2.684,chr19
snmCseq3,SRR21549316,0.0,0.555,chr19
snmCseq3,SRR21549369,0.0,1.215,chr19
snmCseq3,SRR21549371,2.0,1.26,chr19
snmCseq3,SRR21549385,0.0,1.199,chr19
snmCseq3,SRR21549364,0.0,2.027,chr19
snmCseq3,SRR21549388,6.122,2.656,chr19
snmCseq3,SRR21549349,0.0,1.244,chr19
snmCseq3,SRR21549375,0.0,1.684,chr19
snmCseq3,SRR21549296,0.0,1.501,chr19
snmCseq3,SRR21549334,0.0,2.552,chr19
snmCseq3,SRR21549328,0.0,2.087,chr19
snmCseq3,SRR21549345,0.952,1.428,chr19
snmCseq3,SRR21549336,0.0,2.376,chr19
snmCseq3,SRR21549356,2.326,1.044,chr19
snmCseq3,SRR21549291,0.0,2.599,chr19
snmCseq3,SRR21549301,0.0,1.828,chr19
snmCseq3,SRR21549329,0.0,1.584,chr19
snmCseq3,SRR21549359,0.735,1.548,chr19
snmCseq3,SRR21549322,10.256,1.616,chr19
snmCseq3,SRR21549378,0.0,1.276,chr19
snmCseq3,SRR21549293,0.0,2.008,chr19
snmCseq3,SRR21549365,0.0,1.208,chr19
snmCseq3,SRR21549344,0.0,2.879,chr19
snmCseq3,SRR21549372,0.0,2.651,chr19
snmCseq3,SRR21549386,0.0,2.254,chr19
snmCseq3,SRR21549373,0.0,0.831,chr19
snmCseq3,SRR21549298,0.0,1.296,chr19
snmCseq3,SRR21549309,0.0,3.238,chr19
snmCseq3,SRR21549320,0.0,1.831,chr19
snmCseq3,SRR21549383,0.0,1.784,chr19
snmCseq3,SRR21549343,0.0,1.175,chr19
snmCseq3,SRR21549379,5.882,2.212,chr19
snmCseq3,SRR21549331,0.0,1.141,chr19
snmCseq3,SRR21549314,0.0,0.993,chr19
snmCseq3,SRR21549332,0.0,2.805,chr19
snmCseq3,SRR21549368,0.0,1.511,chr19
snmCseq3,SRR21549381,1.064,2.719,chr19
snmCseq3,SRR21549315,0.0,0.864,chr19
snmCseq3,SRR21549341,0.0,1.706,chr19
snmCseq3,SRR21549390,4.545,1.872,chr19
snmCseq3,SRR21549305,0.0,1.838,chr19
snmCseq3,SRR21549297,0.0,1.688,chr19
snmCseq3,SRR21549318,0.0,0.918,chr19
snmCseq3,SRR21549370,0.0,2.555,chr19
snmCseq3,SRR21549294,0.0,1.452,chr19
snmCseq3,SRR21549348,15.789,2.008,chr19
snmCseq3,SRR21549295,,1.741,chr19
snmCseq3,SRR21549366,0.0,1.86,chr19
snmCseq3,SRR21549333,,2.105,chr19
snmCseq3,SRR21549323,0.0,1.936,chr19
snmCseq3,SRR21549325,0.0,2.087,chr19
snmCseq3,SRR21549311,0.0,1.534,chr19
snmCseq3,SRR21549317,0.0,0.926,chr19
snmCseq3,SRR21549346,0.0,1.945,chr19
snmCseq3,SRR21549338,0.0,2.323,chr19
snmCseq3,SRR21549360,0.0,1.411,chr19
snmCseq3,SRR21549312,0.0,1.531,chr19
snmCseq3,SRR21549327,1.493,0.745,chr19
scnomehic,scNH_GM_4plex_14_S13.ATCACG,0.864,1.203,chr21
scnomehic,scNH_GM_4plex_43_S42.CGATGT,2.273,1.067,chr21
scnomehic,scNH_GM_4plex_10_S9.TGACCA,6.223,1.053,chr21
scnomehic,scNH_GM_4plex_26_S25.GCCAAT,2.929,1.036,chr21
scnomehic,scNH_GM_4plex_2_S2.GCCAAT,0.236,1.152,chr21
scnomehic,scNH_GM_4plex_15_S14.TGACCA,3.289,1.078,chr21
scnomehic,scNH_GM_4plex_20_S19.TGACCA,1.829,1.314,chr21
scnomehic,scNH_GM_4plex_20_S19.GCCAAT,2.157,0.844,chr21
scnomehic,scNH_GM_4plex_29_S28.ATCACG,3.076,1.057,chr21
scnomehic,scNH_GM_4plex_33_S32.ATCACG,2.874,0.931,chr21
scnomehic,scNH_GM_4plex_32_S31.CGATGT,0.442,1.087,chr21
scnomehic,scNH_GM_4plex_17_S16.GCCAAT,1.471,1.025,chr21
scnomehic,scNH_GM_4plex_34_S33.ATCACG,2.174,1.107,chr21
scnomehic,scNH_GM_4plex_10_S9.CGATGT,3.436,1.186,chr21
scnomehic,scNH_GM_4plex_27_S26.TGACCA,2.941,1.014,chr21
scnomehic,scNH_GM_4plex_1_S1.CGATGT,5.167,1.218,chr21
scnomehic,scNH_GM_4plex_45_S44.ATCACG,1.027,1.102,chr21
scnomehic,scNH_GM_4plex_34_S33.CGATGT,3.75,1.174,chr21
scnomehic,scNH_GM_4plex_27_S26.GCCAAT,2.045,1.237,chr21
scnomehic,scNH_GM_4plex_35_S34.CGATGT,0.909,1.06,chr21
scnomehic,scNH_GM_4plex_16_S15.ATCACG,0.897,1.144,chr21
scnomehic,scNH_GM_4plex_20_S19.ATCACG,1.439,1.097,chr21
scnomehic,scNH_GM_4plex_23_S22.ATCACG,1.064,1.27,chr21
scnomehic,scNH_GM_4plex_39_S38.GCCAAT,3.516,1.097,chr21
scnomehic,scNH_GM_4plex_19_S18.TGACCA,1.25,1.148,chr21
scnomehic,scNH_GM_4plex_6_S5.TGACCA,1.984,1.007,chr21
scnomehic,scNH_GM_4plex_11_S10.CGATGT,4.0,0.93,chr21
scnomehic,scNH_GM_4plex_47_S46.CGATGT,1.695,0.981,chr21
scnomehic,scNH_GM_4plex_32_S31.GCCAAT,1.889,1.226,chr21
scnomehic,scNH_GM_4plex_37_S36.CGATGT,3.488,1.079,chr21
scnomehic,scNH_GM_4plex_19_S18.CGATGT,4.707,0.911,chr21
scnomehic,scNH_GM_4plex_28_S27.TGACCA,4.203,1.197,chr21
scnomehic,scNH_GM_4plex_29_S28.GCCAAT,4.741,1.189,chr21
scnomehic,scNH_GM_4plex_30_S29.ATCACG,2.885,1.184,chr21
scnomehic,scNH_GM_4plex_22_S21.CGATGT,5.556,1.013,chr21
scnomehic,scNH_GM_4plex_22_S21.ATCACG,1.36,1.175,chr21
scnomehic,scNH_GM_4plex_36_S35.GCCAAT,1.95,1.019,chr21
scnomehic,scNH_GM_4plex_13_S12.TGACCA,0.868,0.909,chr21
scnomehic,scNH_GM_4plex_12_S11.ATCACG,1.976,0.964,chr21
scnomehic,scNH_GM_4plex_28_S27.ATCACG,2.877,1.27,chr21
scnomehic,scNH_GM_4plex_18_S17.TGACCA,1.65,0.95,chr21
scnomehic,scNH_GM_4plex_36_S35.CGATGT,2.778,1.188,chr21
scnomehic,scNH_GM_4plex_4_S3.GCCAAT,1.271,0.991,chr21
scnomehic,scNH_GM_4plex_6_S5.ATCACG,5.392,1.317,chr21
scnomehic,scNH_GM_4plex_2_S2.CGATGT,3.333,1.07,chr21
scnomehic,scNH_GM_4plex_7_S6.GCCAAT,0.877,1.03,chr21
scnomehic,scNH_GM_4plex_47_S46.GCCAAT,3.637,1.126,chr21
scnomehic,scNH_GM_4plex_35_S34.GCCAAT,0.694,1.04,chr21
scnomehic,scNH_GM_4plex_40_S39.TGACCA,2.222,1.054,chr21
scnomehic,scNH_GM_4plex_12_S11.GCCAAT,2.352,0.994,chr21
scnomehic,scNH_GM_4plex_42_S41.CGATGT,1.836,1.057,chr21
scnomehic,scNH_GM_4plex_31_S30.ATCACG,1.32,0.966,chr21
scnomehic,scNH_GM_4plex_30_S29.GCCAAT,3.107,1.003,chr21
scnomehic,scNH_GM_4plex_21_S20.GCCAAT,2.43,1.189,chr21
scnomehic,scNH_GM_4plex_16_S15.TGACCA,1.725,1.311,chr21
scnomehic,scNH_GM_4plex_7_S6.ATCACG,3.221,1.308,chr21
scnomehic,scNH_GM_4plex_9_S8.CGATGT,1.515,1.137,chr21
scnomehic,scNH_GM_4plex_44_S43.CGATGT,3.39,1.073,chr21
scnomehic,scNH_GM_4plex_24_S23.ATCACG,1.293,1.146,chr21
scnomehic,scNH_GM_4plex_41_S40.CGATGT,2.087,1.159,chr21
scnomehic,scNH_GM_4plex_30_S29.CGATGT,1.442,1.28,chr21
scnomehic,scNH_GM_4plex_26_S25.CGATGT,2.381,1.262,chr21
scnomehic,scNH_GM_4plex_27_S26.ATCACG,0.0,1.036,chr21
scnomehic,scNH_GM_4plex_8_S7.ATCACG,3.986,1.154,chr21
scnomehic,scNH_GM_4plex_39_S38.ATCACG,2.778,1.093,chr21
scnomehic,scNH_GM_4plex_12_S11.TGACCA,1.588,1.115,chr21
scnomehic,scNH_GM_4plex_40_S39.CGATGT,3.292,1.013,chr21
scnomehic,scNH_GM_4plex_47_S46.TGACCA,0.231,1.052,chr21
scnomehic,scNH_GM_4plex_5_S4.CGATGT,4.688,1.039,chr21
scnomehic,scNH_GM_4plex_46_S45.GCCAAT,6.522,1.47,chr21
scnomehic,scNH_GM_4plex_33_S32.CGATGT,0.0,1.123,chr21
scnomehic,scNH_GM_4plex_15_S14.GCCAAT,1.17,1.077,chr21
scnomehic,scNH_GM_4plex_48_S47.CGATGT,1.608,1.096,chr21
scnomehic,scNH_GM_4plex_10_S9.ATCACG,1.379,1.128,chr21
scnomehic,scNH_GM_4plex_34_S33.GCCAAT,1.352,1.084,chr21
scnomehic,scNH_GM_4plex_35_S34.ATCACG,2.803,1.214,chr21
scnomehic,scNH_GM_4plex_48_S47.ATCACG,4.477,1.309,chr21
scnomehic,scNH_GM_4plex_46_S45.CGATGT,1.852,1.233,chr21
scnomehic,scNH_GM_4plex_24_S23.CGATGT,1.325,0.964,chr21
scnomehic,scNH_GM_4plex_23_S22.TGACCA,1.127,1.276,chr21
scnomehic,scNH_GM_4plex_16_S15.CGATGT,1.389,0.984,chr21
scnomehic,scNH_GM_4plex_25_S24.ATCACG,2.315,1.102,chr21
scnomehic,scNH_GM_4plex_44_S43.TGACCA,1.053,1.19,chr21
scnomehic,scNH_GM_4plex_11_S10.TGACCA,1.411,1.061,chr21
scnomehic,scNH_GM_4plex_21_S20.ATCACG,4.516,1.113,chr21
scnomehic,scNH_GM_4plex_1_S1.TGACCA,1.688,1.343,chr21
scnomehic,scNH_GM_4plex_21_S20.TGACCA,1.923,1.034,chr21
scnomehic,scNH_GM_4plex_20_S19.CGATGT,4.232,1.41,chr21
scnomehic,scNH_GM_4plex_2_S2.TGACCA,2.29,0.883,chr21
scnomehic,scNH_GM_4plex_17_S16.TGACCA,4.433,1.5,chr21
scnomehic,scNH_GM_4plex_11_S10.ATCACG,2.263,1.076,chr21
scnomehic,scNH_GM_4plex_24_S23.TGACCA,1.701,1.065,chr21
scnomehic,scNH_GM_4plex_9_S8.GCCAAT,1.264,1.124,chr21
scnomehic,scNH_GM_4plex_8_S7.CGATGT,1.173,1.17,chr21
scnomehic,scNH_GM_4plex_44_S43.ATCACG,2.267,1.193,chr21
scnomehic,scNH_GM_4plex_16_S15.GCCAAT,2.641,1.273,chr21
scnomehic,scNH_GM_4plex_43_S42.TGACCA,0.98,1.047,chr21
scnomehic,scNH_GM_4plex_15_S14.CGATGT,2.899,1.12,chr21
scnomehic,scNH_GM_4plex_17_S16.CGATGT,1.463,1.096,chr21
scnomehic,scNH_GM_4plex_31_S30.TGACCA,0.827,1.092,chr21
scnomehic,scNH_GM_4plex_38_S37.TGACCA,2.652,1.083,chr21
scnomehic,scNH_GM_4plex_17_S16.ATCACG,5.556,1.295,chr21
scnomehic,scNH_GM_4plex_25_S24.CGATGT,3.348,0.823,chr21
scnomehic,scNH_GM_4plex_14_S13.TGACCA,5.691,1.124,chr21
scnomehic,scNH_GM_4plex_8_S7.GCCAAT,0.976,0.777,chr21
scnomehic,scNH_GM_4plex_32_S31.ATCACG,2.083,1.225,chr21
scnomehic,scNH_GM_4plex_48_S47.GCCAAT,4.107,1.219,chr21
scnomehic,scNH_GM_4plex_38_S37.ATCACG,1.842,1.022,chr21
scnomehic,scNH_GM_4plex_6_S5.GCCAAT,2.712,1.232,chr21
scnomehic,scNH_GM_4plex_45_S44.TGACCA,1.639,1.058,chr21
scnomehic,scNH_GM_4plex_25_S24.GCCAAT,6.198,1.14,chr21
scnomehic,scNH_GM_4plex_26_S25.TGACCA,1.106,1.21,chr21
scnomehic,scNH_GM_4plex_38_S37.GCCAAT,2.682,1.004,chr21
scnomehic,scNH_GM_4plex_21_S20.CGATGT,2.688,1.133,chr21
scnomehic,scNH_GM_4plex_1_S1.GCCAAT,0.224,1.079,chr21
scnomehic,scNH_GM_4plex_46_S45.ATCACG,1.375,1.002,chr21
scnomehic,scNH_GM_4plex_40_S39.GCCAAT,4.0,1.164,chr21
scnomehic,scNH_GM_4plex_23_S22.CGATGT,4.167,1.058,chr21
scnomehic,scNH_GM_4plex_42_S41.TGACCA,2.437,1.283,chr21
scnomehic,scNH_GM_4plex_45_S44.CGATGT,1.333,0.945,chr21
scnomehic,scNH_GM_4plex_45_S44.GCCAAT,0.875,0.984,chr21
scnomehic,scNH_GM_4plex_12_S11.CGATGT,2.677,1.022,chr21
scnomehic,scNH_GM_4plex_25_S24.TGACCA,3.03,1.021,chr21
scnomehic,scNH_GM_4plex_5_S4.GCCAAT,3.003,0.983,chr21
scnomehic,scNH_GM_4plex_7_S6.CGATGT,2.102,1.165,chr21
scnomehic,scNH_GM_4plex_34_S33.TGACCA,2.422,0.942,chr21
scnomehic,scNH_GM_4plex_19_S18.GCCAAT,2.02,0.945,chr21
scnomehic,scNH_GM_4plex_23_S22.GCCAAT,0.893,1.324,chr21
scnomehic,scNH_GM_4plex_6_S5.CGATGT,1.175,1.122,chr21
scnomehic,scNH_GM_4plex_35_S34.TGACCA,4.39,1.149,chr21
scnomehic,scNH_GM_4plex_19_S18.ATCACG,0.0,0.95,chr21
scnomehic,scNH_GM_4plex_32_S31.TGACCA,0.826,1.282,chr21
scnomehic,scNH_GM_4plex_29_S28.CGATGT,0.543,1.121,chr21
scnomehic,scNH_GM_4plex_29_S28.TGACCA,2.183,1.202,chr21
scnomehic,scNH_GM_4plex_31_S30.GCCAAT,1.115,1.304,chr21
scnomehic,scNH_GM_4plex_43_S42.ATCACG,0.847,1.075,chr21
scnomehic,scNH_GM_4plex_37_S36.ATCACG,2.823,1.021,chr21
scnomehic,scNH_GM_4plex_14_S13.GCCAAT,1.548,1.281,chr21
scnomehic,scNH_GM_4plex_4_S3.ATCACG,4.662,1.159,chr21
scnomehic,scNH_GM_4plex_18_S17.CGATGT,1.176,1.212,chr21
scnomehic,scNH_GM_4plex_46_S45.TGACCA,2.203,1.137,chr21
scnomehic,scNH_GM_4plex_39_S38.CGATGT,2.0,1.097,chr21
scnomehic,scNH_GM_4plex_37_S36.TGACCA,1.042,1.07,chr21
scnomehic,scNH_GM_4plex_42_S41.GCCAAT,4.015,1.285,chr21
scnomehic,scNH_GM_4plex_9_S8.TGACCA,3.512,1.336,chr21
scnomehic,scNH_GM_4plex_31_S30.CGATGT,0.128,1.199,chr21
scnomehic,scNH_GM_4plex_5_S4.ATCACG,7.341,0.993,chr21
scnomehic,scNH_GM_4plex_48_S47.TGACCA,1.235,1.032,chr21
scnomehic,scNH_GM_4plex_15_S14.ATCACG,1.855,1.595,chr21
scnomehic,scNH_GM_4plex_4_S3.TGACCA,0.968,1.031,chr21
scnomehic,scNH_GM_4plex_41_S40.ATCACG,3.077,1.104,chr21
scnomehic,scNH_GM_4plex_27_S26.CGATGT,3.28,1.092,chr21
scnomehic,scNH_GM_4plex_26_S25.ATCACG,1.19,1.135,chr21
scnomehic,scNH_GM_4plex_37_S36.GCCAAT,4.545,1.311,chr21
scnomehic,scNH_GM_4plex_30_S29.TGACCA,3.433,1.003,chr21
scnomehic,scNH_GM_4plex_42_S41.ATCACG,1.727,0.957,chr21
scnomehic,scNH_GM_4plex_28_S27.GCCAAT,3.288,1.298,chr21
scnomehic,scNH_GM_4plex_40_S39.ATCACG,1.834,1.109,chr21
scnomehic,scNH_GM_4plex_33_S32.TGACCA,2.932,1.253,chr21
scnomehic,scNH_GM_4plex_18_S17.GCCAAT,0.917,1.129,chr21
scnomehic,scNH_GM_4plex_36_S35.ATCACG,3.006,1.032,chr21
scnomehic,scNH_GM_4plex_36_S35.TGACCA,2.909,0.915,chr21
scnomehic,scNH_GM_4plex_33_S32.GCCAAT,1.176,0.957,chr21
scnomehic,scNH_GM_4plex_2_S2.ATCACG,4.112,1.079,chr21
scnomehic,scNH_GM_4plex_14_S13.CGATGT,0.971,1.094,chr21
scnomehic,scNH_GM_4plex_28_S27.CGATGT,2.308,1.168,chr21
scnomehic,scNH_GM_4plex_10_S9.GCCAAT,1.825,1.095,chr21
scnomehic,scNH_GM_4plex_7_S6.TGACCA,0.667,1.136,chr21
scnomehic,scNH_GM_4plex_22_S21.GCCAAT,2.088,1.114,chr21
scnomehic,scNH_GM_4plex_44_S43.GCCAAT,1.706,0.904,chr21
scnomehic,scNH_GM_4plex_4_S3.CGATGT,0.0,1.098,chr21
scnomehic,scNH_GM_4plex_43_S42.GCCAAT,0.658,0.971,chr21
scnomehic,scNH_GM_4plex_41_S40.GCCAAT,6.173,1.182,chr21
scnomehic,scNH_GM_4plex_38_S37.CGATGT,2.239,0.847,chr21
scnomehic,scNH_GM_4plex_47_S46.ATCACG,0.99,1.076,chr21
scnomehic,scNH_GM_4plex_9_S8.ATCACG,2.041,1.002,chr21
scnomehic,scNH_GM_4plex_18_S17.ATCACG,1.267,1.053,chr21
scnomehic,scNH_GM_4plex_5_S4.TGACCA,1.98,1.054,chr21
scnomehic,scNH_GM_4plex_13_S12.ATCACG,1.198,1.154,chr21
scnomehic,scNH_GM_4plex_8_S7.TGACCA,1.598,1.373,chr21
scnomehic,scNH_GM_4plex_39_S38.TGACCA,1.942,1.16,chr21
scnomehic,scNH_GM_4plex_41_S40.TGACCA,2.66,1.316,chr21
scnomehic,scNH_GM_4plex_11_S10.GCCAAT,7.029,1.121,chr21
scnomehic,scNH_GM_4plex_1_S1.ATCACG,2.214,0.996,chr21
scnomehic,scNH_GM_4plex_13_S12.GCCAAT,2.519,0.946,chr21
scnomehic,scNH_GM_4plex_13_S12.CGATGT,3.39,1.121,chr21
scnomehic,scNH_GM_4plex_24_S23.GCCAAT,1.814,1.106,chr21
snmCAT,SRR10470322,3.846,7.726,chr21
snmCAT,SRR10470323,4.211,5.427,chr21
snmCAT,SRR10470324,0.0,2.511,chr21
snmCAT,SRR10470325,0.0,2.898,chr21
snmCAT,SRR10470326,2.93,5.777,chr21
snmCAT,SRR10470331,1.449,6.525,chr21
snmCAT,SRR10470332,1.099,3.145,chr21
snmCAT,SRR10470333,1.418,5.076,chr21
snmCAT,SRR10470334,0.476,2.728,chr21
snmCAT,SRR10470335,0.345,3.519,chr21
snmCAT,SRR10470336,0.588,3.415,chr21
snmCAT,SRR10470337,1.068,3.82,chr21
snmCAT,SRR10470338,1.887,4.525,chr21
snmCAT,SRR10470339,3.828,2.735,chr21
snmCAT,SRR10470340,3.175,4.262,chr21
snmCAT,SRR10470341,0.0,2.64,chr21
snmCAT,SRR10470342,0.704,3.035,chr21
snmCAT,SRR10470343,0.699,3.912,chr21
snmCAT,SRR10470345,0.0,4.409,chr21
snmCAT,SRR10470346,0.546,7.439,chr21
snmCAT,SRR10470350,2.649,0.685,chr21
snmCAT,SRR10470352,2.97,7.347,chr21
snmCAT,SRR10470354,9.756,0.962,chr21
snmCAT,SRR10470355,5.455,0.58,chr21
snmCAT,SRR10470360,0.795,4.043,chr21
snmCAT,SRR10470361,2.454,2.529,chr21
snmCAT,SRR10470362,3.12,2.174,chr21
snmCAT,SRR10470363,2.326,4.785,chr21
snmCAT,SRR10470364,1.493,2.569,chr21
snmCAT,SRR10470754,1.322,3.389,chr21
snmCAT,SRR10470755,0.599,4.053,chr21
snmCAT,SRR10470760,2.26,2.668,chr21
snmCAT,SRR10470764,3.065,3.167,chr21
snmCAT,SRR10470770,1.46,3.719,chr21
snmCAT,SRR10470775,1.183,2.582,chr21
snmCAT,SRR10470776,0.797,3.426,chr21
snmCAT,SRR10470785,1.923,4.862,chr21
snmCAT,SRR10470786,0.0,2.369,chr21
snmCAT,SRR10470791,2.959,3.482,chr21
snmCAT,SRR10470796,2.927,2.272,chr21
snmCAT,SRR10470895,4.673,3.851,chr21
snmCAT,SRR10470897,1.328,2.951,chr21
snmCAT,SRR10470899,1.024,3.612,chr21
snmCAT,SRR10470900,3.017,1.993,chr21
snmCAT,SRR10470902,0.476,3.759,chr21
snmCAT,SRR10470905,4.545,2.448,chr21
snmCAT,SRR10470910,0.0,1.451,chr21
snmCAT,SRR10470911,0.0,0.737,chr21
snmCAT,SRR10470915,0.0,0.746,chr21
snmCAT,SRR10470918,1.875,3.755,chr21
snmCAT,SRR10470919,1.579,3.612,chr21
snmCAT,SRR10470923,0.0,2.657,chr21
snmCAT,SRR10470928,5.495,0.68,chr21
snmCAT,SRR10470929,1.843,3.975,chr21
snmCAT,SRR10470933,3.125,4.045,chr21
snmCAT,SRR10470934,3.237,2.883,chr21
snmCAT,SRR10470937,0.847,3.655,chr21
snmCAT,SRR10471376,2.041,2.767,chr21
snmCAT,SRR10471377,1.777,7.542,chr21
snmCAT,SRR10471378,0.993,4.295,chr21
snmCAT,SRR10471379,5.0,3.393,chr21
snmCAT,SRR10471381,1.003,3.257,chr21
snmCAT,SRR10471382,1.969,3.499,chr21
snmCAT,SRR10471384,3.175,2.989,chr21
snmCAT,SRR10471388,0.0,6.829,chr21
snmCAT,SRR10471389,2.247,2.681,chr21
snmCAT,SRR10471393,0.833,4.522,chr21
snmCAT,SRR10471397,1.873,3.404,chr21
snmCAT,SRR10471398,2.586,2.988,chr21
snmCAT,SRR10471400,0.758,4.414,chr21
snmCAT,SRR10471401,3.968,3.36,chr21
snmCAT,SRR10471402,0.0,2.102,chr21
snmCAT,SRR10471404,4.525,4.523,chr21
snmCAT,SRR10471405,1.838,2.676,chr21
snmCAT,SRR10471408,2.381,3.395,chr21
snmCAT,SRR10471410,1.852,3.943,chr21
snmCAT,SRR10471411,2.092,2.745,chr21
snmCAT,SRR10471412,0.0,2.696,chr21
snmCAT,SRR10471413,0.993,2.856,chr21
snmCAT,SRR10471417,2.5,4.141,chr21
snmCAT,SRR10471420,1.613,3.571,chr21
snmCAT,SRR10471421,0.787,2.504,chr21
snmCAT,SRR10471426,11.111,3.287,chr21
snmCAT,SRR10471428,4.494,3.887,chr21
snmCAT,SRR10471432,2.123,3.347,chr21
snmCAT,SRR10471434,2.344,2.397,chr21
snmCAT,SRR10471444,0.971,2.454,chr21
snmCAT,SRR10471445,2.632,4.291,chr21
snmCAT,SRR10471448,0.433,2.618,chr21
snmCAT,SRR10471449,0.917,6.01,chr21
snmCAT,SRR10471451,0.0,2.884,chr21
snmCAT,SRR10471452,1.145,3.02,chr21
snmCAT,SRR10471453,3.15,2.626,chr21
snmCAT,SRR10471454,0.946,2.628,chr21
snmCAT,SRR10471455,1.579,3.727,chr21
snmCAT,SRR10471456,0.562,2.071,chr21
snmCAT,SRR10471457,0.826,2.816,chr21
snmCAT,SRR10471461,1.794,5.529,chr21
snmCAT,SRR10471464,0.0,0.658,chr21
