arm,cell_type,CellID,chrom,chrom_role,HCG,HCG_n,GCH,GCH_n,noncpg,noncpg_n
smallwood_scBS,2i,SRR1248457,chrM,control,1.6295,154,0.578,271,0.9237,1483
smallwood_scBS,2i,SRR1248457,chr19,autosome,39.6726,29655,0.3871,167519,0.5187,576397
smallwood_scBS,2i,SRR1248458,chrM,control,1.111,90,1.3888,162,1.382,925
smallwood_scBS,2i,SRR1248458,chr19,autosome,38.177,21386,0.5294,119858,0.557,410850
smallwood_scBS,2i,SRR1248459,chrM,control,1.1843,126,1.8849,237,0.9372,1315
smallwood_scBS,2i,SRR1248459,chr19,autosome,46.4647,25944,0.5416,145171,0.6147,504235
smallwood_scBS,2i,SRR1248460,chrM,control,2.7139,158,0.3599,269,1.097,1608
smallwood_scBS,2i,SRR1248460,chr19,autosome,28.7439,31672,0.4445,181469,0.5314,632148
smallwood_scBS,2i,SRR1248461,chrM,control,0.2834,147,0.4947,261,0.712,1462
smallwood_scBS,2i,SRR1248461,chr19,autosome,39.5274,30497,0.3579,177008,0.427,617071
smallwood_scBS,2i,SRR1248462,chrM,control,3.0106,161,1.4363,275,1.7581,1599
smallwood_scBS,2i,SRR1248462,chr19,autosome,6.9808,35796,0.6624,205764,0.7224,720396
smallwood_scBS,2i,SRR1248463,chrM,control,1.1834,115,0.8682,216,0.9039,1218
smallwood_scBS,2i,SRR1248463,chr19,autosome,38.3709,32083,0.5237,179140,0.6301,618863
smallwood_scBS,2i,SRR1248464,chrM,control,1.9888,129,1.1117,232,1.2671,1339
smallwood_scBS,2i,SRR1248464,chr19,autosome,6.2071,30473,0.4365,172813,0.5459,599306
smallwood_scBS,2i,SRR1248465,chrM,control,0.5047,142,0.8515,246,0.4431,1347
smallwood_scBS,2i,SRR1248465,chr19,autosome,24.6024,34984,0.7274,196532,0.804,681140
smallwood_scBS,2i,SRR1248466,chrM,control,1.598,121,0.4947,224,0.9593,1272
smallwood_scBS,2i,SRR1248466,chr19,autosome,23.2732,27959,0.444,159953,0.5427,555532
smallwood_scBS,2i,SRR1248467,chrM,control,0.1255,146,0.4706,247,0.4603,1397
smallwood_scBS,2i,SRR1248467,chr19,autosome,15.145,23986,0.4247,135435,0.504,471109
smallwood_scBS,2i,SRR1248468,chrM,control,0.3054,142,0.8119,270,0.8022,1600
smallwood_scBS,2i,SRR1248468,chr19,autosome,40.8897,27278,0.4191,155142,0.5184,537172
smallwood_scBS,Ser,SRR1248477,chrM,control,0.6119,155,0.5744,257,0.5403,1621
smallwood_scBS,Ser,SRR1248477,chr19,autosome,73.8779,25294,0.7961,139449,0.9722,482856
smallwood_scBS,Ser,SRR1248478,chrM,control,0.3322,121,0.925,209,0.5366,1278
smallwood_scBS,Ser,SRR1248478,chr19,autosome,69.406,24826,0.9989,140033,1.2076,488600
smallwood_scBS,Ser,SRR1248479,chrM,control,0.5954,150,0.4252,245,0.4411,1428
smallwood_scBS,Ser,SRR1248479,chr19,autosome,63.8505,38969,0.9056,221754,1.044,777850
smallwood_scBS,Ser,SRR1248480,chrM,control,1.5643,143,0.2683,238,0.5865,1352
smallwood_scBS,Ser,SRR1248480,chr19,autosome,63.0344,41702,0.67,231006,0.7416,797638
smallwood_scBS,Ser,SRR1248481,chrM,control,1.3834,115,0.897,209,1.075,1145
smallwood_scBS,Ser,SRR1248481,chr19,autosome,69.161,33013,0.8658,184087,1.0167,641759
smallwood_scBS,Ser,SRR1248482,chrM,control,3.0038,134,2.2737,249,1.7201,1561
smallwood_scBS,Ser,SRR1248482,chr19,autosome,29.9772,50621,0.8184,282101,0.9145,968768
smallwood_scBS,Ser,SRR1248483,chrM,control,1.345,127,0.7117,209,1.7852,1240
smallwood_scBS,Ser,SRR1248483,chr19,autosome,77.9613,27987,2.333,161384,3.1725,573166
smallwood_scBS,Ser,SRR1248484,chrM,control,0.0,119,0.3513,190,0.5947,1172
smallwood_scBS,Ser,SRR1248484,chr19,autosome,71.5548,28042,0.7921,159287,0.9638,553757
smallwood_scBS,Ser,SRR1248485,chrM,control,1.7806,117,0.2764,193,0.8075,1051
smallwood_scBS,Ser,SRR1248485,chr19,autosome,56.1074,44174,0.617,245689,0.6939,845847
smallwood_scBS,Ser,SRR1248486,chrM,control,1.2314,155,0.7819,264,0.6236,1525
smallwood_scBS,Ser,SRR1248486,chr19,autosome,67.4781,39827,0.9751,225465,1.2324,782314
smallwood_scBS,Ser,SRR1248487,chrM,control,0.0,120,0.4976,201,0.6054,1236
smallwood_scBS,Ser,SRR1248487,chr19,autosome,73.0061,28010,1.1561,159511,1.5807,558526
smallwood_scBS,Ser,SRR1248488,chrM,control,1.0604,121,0.6419,199,1.004,1124
smallwood_scBS,Ser,SRR1248488,chr19,autosome,67.5958,17656,1.2673,100870,1.6424,348190
smallwood_scBS,Ser,SRR1248489,chrM,control,0.966,139,0.7816,253,0.6417,1440
smallwood_scBS,Ser,SRR1248489,chr19,autosome,58.2807,23161,0.8737,129498,1.0676,447509
smallwood_scBS,Ser,SRR1248490,chrM,control,0.4475,144,0.2118,250,0.3805,1469
smallwood_scBS,Ser,SRR1248490,chr19,autosome,64.3562,64688,1.0114,360246,1.2088,1247579
smallwood_scBS,Ser,SRR1248491,chrM,control,0.7984,133,0.2119,211,0.3207,1232
smallwood_scBS,Ser,SRR1248491,chr19,autosome,58.4724,29714,0.9642,165770,1.1333,573210
smallwood_scBS,Ser,SRR1248492,chrM,control,0.1379,145,0.6119,235,0.3182,1322
smallwood_scBS,Ser,SRR1248492,chr19,autosome,52.5519,46033,0.7547,256038,0.9278,883951
smallwood_scBS,Ser,SRR1248493,chrM,control,0.347,145,1.0887,250,0.3434,1392
smallwood_scBS,Ser,SRR1248493,chr19,autosome,72.6546,34968,0.9358,199450,1.1227,691562
smallwood_scBS,Ser,SRR1248494,chrM,control,0.0821,152,0.778,255,0.7662,1507
smallwood_scBS,Ser,SRR1248494,chr19,autosome,66.2682,32552,0.9727,184147,1.242,640392
smallwood_scBS,Ser,SRR1248495,chrM,control,0.4752,161,0.205,268,0.3947,1584
smallwood_scBS,Ser,SRR1248495,chr19,autosome,58.4297,37371,0.5999,204870,0.7447,706746
smallwood_scBS,Ser,SRR1248496,chrM,control,0.4165,165,0.7269,284,0.8807,1748
smallwood_scBS,Ser,SRR1248496,chr19,autosome,60.7167,36533,0.8053,201592,0.9827,695297
scNOMe,GM12878,SRR3729642,chrM,control,12.6984,63,18.1819,99,6.1224,343
scNOMe,GM12878,SRR3729642,chr21,autosome,36.4843,13372,20.3225,78981,0.5496,287838
scNOMe,GM12878,SRR3729643,chrM,control,11.3798,498,18.486,959,10.9872,3159
scNOMe,GM12878,SRR3729643,chr21,autosome,37.48,13013,16.634,74294,0.5369,258289
scNOMe,GM12878,SRR3729644,chrM,control,6.8965,29,40.0001,45,4.9669,151
scNOMe,GM12878,SRR3729644,chr21,autosome,34.891,5826,17.3143,35637,0.5245,125840
scNOMe,GM12878,SRR3729645,chrM,control,6.7797,59,9.8683,152,6.2623,503
scNOMe,GM12878,SRR3729645,chr21,autosome,31.3415,7817,14.8036,46781,0.5109,163357
scNOMe,GM12878,SRR3729646,chrM,control,8.7523,358,22.7163,693,11.4079,2618
scNOMe,GM12878,SRR3729646,chr21,autosome,40.4438,7424,20.093,45532,0.6101,173699
scNOMe,GM12878,SRR3729647,chrM,control,0.0,59,26.2774,137,1.3975,322
scNOMe,GM12878,SRR3729647,chr21,autosome,37.8467,7983,15.709,47339,0.5248,169428
scNOMe,GM12878,SRR3729648,chrM,control,10.9023,266,16.4716,470,10.4879,1541
scNOMe,GM12878,SRR3729648,chr21,autosome,33.5411,8903,10.7934,51263,0.4461,179060
scNOMe,GM12878,SRR3729649,chrM,control,8.3395,683,15.7987,1316,9.509,4847
scNOMe,GM12878,SRR3729649,chr21,autosome,38.3347,8817,15.0355,52335,0.5978,185176
scNOMe,GM12878,SRR3729650,chrM,control,10.2942,68,10.7914,139,2.6538,309
scNOMe,GM12878,SRR3729650,chr21,autosome,37.244,10779,11.9302,62836,0.4754,212681
scNOMe,GM12878,SRR3729651,chrM,control,0.0,14,52.7779,36,8.3334,108
scNOMe,GM12878,SRR3729651,chr21,autosome,44.2865,6614,15.8754,38973,0.4835,141623
scNOMe,GM12878,SRR3729652,chrM,control,8.2069,198,21.6457,395,9.8503,1236
scNOMe,GM12878,SRR3729652,chr21,autosome,37.2796,14178,16.9765,81892,0.5596,288349
scNOMe,GM12878,SRR3729653,chrM,control,16.279,43,44.8718,78,13.889,180
scNOMe,GM12878,SRR3729653,chr21,autosome,37.2189,9108,18.8263,52302,0.5167,184522
scNOMe,K562,K562_01,chrM,control,13.3506,826,19.0308,1536,12.9244,5836
scNOMe,K562,K562_01,chr21,autosome,26.1364,17886,7.0972,101712,0.4407,332768
scNOMe,K562,K562_02,chrM,control,2.439,41,18.2292,96,0.6441,207
scNOMe,K562,K562_02,chr21,autosome,25.4901,18005,11.4384,102459,0.4756,353666
scNOMe,K562,K562_03,chrM,control,10.1563,273,40.9239,520,10.64,1620
scNOMe,K562,K562_03,chr21,autosome,26.6507,34579,10.4797,191375,0.4587,629701
scNOMe,K562,K562_04,chrM,control,15.9588,113,12.1843,264,12.4055,661
scNOMe,K562,K562_04,chr21,autosome,24.5403,18117,10.813,102658,0.4653,345473
scNOMe,K562,K562_05,chrM,control,10.7845,51,42.1052,76,5.4769,283
scNOMe,K562,K562_05,chr21,autosome,25.283,18108,11.2456,105877,0.4832,361128
scNOMe,K562,K562_06,chrM,control,14.8975,146,33.2582,288,12.6086,844
scNOMe,K562,K562_06,chr21,autosome,26.2957,23390,8.4661,131678,0.4323,434061
scNOMe,K562,K562_07,chrM,control,5.4264,43,40.0,90,2.2422,223
scNOMe,K562,K562_07,chr21,autosome,25.2647,20343,8.8308,113278,0.4371,370536
scNOMe,K562,K562_08,chrM,control,0.0,29,24.6575,73,2.5641,195
scNOMe,K562,K562_08,chr21,autosome,27.5494,17870,11.1914,100644,0.4636,341448
scNOMe,K562,K562_09,chrM,control,3.2709,107,51.9172,163,6.5762,526
scNOMe,K562,K562_09,chr21,autosome,27.1566,20522,10.2609,112859,0.4588,374604
scNOMe,K562,K562_10,chrM,control,12.5001,56,8.6777,121,6.6843,283
scNOMe,K562,K562_10,chr21,autosome,24.153,9030,12.0891,52382,0.5013,179177
scNOMe,K562,K562_11,chrM,control,17.857,28,5.6603,53,5.9829,117
scNOMe,K562,K562_11,chr21,autosome,23.8382,17466,11.6974,100305,0.4439,337519
