CellID,TotalInputReads,Combined_TotalReads,Combined_UniqMapped,Combined_MappingRate,Combined_mCG_Rate,Combined_mCHG_Rate,Combined_mCHH_Rate,Trim_R1_InputReads,Trim_R1_TrimmedReads,Trim_R1_TrimmedReads_Pct,Trim_R1_ReadsWithAdapters,Trim_R1_ReadsWithAdapters_Pct,Trim_R2_InputReads,Trim_R2_TrimmedReads,Trim_R2_TrimmedReads_Pct,Trim_R2_ReadsWithAdapters,Trim_R2_ReadsWithAdapters_Pct,Bismark_R1_TotalReads,Bismark_R1_UniqMapped,Bismark_R1_MappingRate,Bismark_R1_Unmapped,Bismark_R1_Ambiguous,Bismark_R1_mCG_Rate,Bismark_R1_mCHG_Rate,Bismark_R1_mCHH_Rate,Bismark_R1_TotalC,Bismark_R2_TotalReads,Bismark_R2_UniqMapped,Bismark_R2_MappingRate,Bismark_R2_Unmapped,Bismark_R2_Ambiguous,Bismark_R2_mCG_Rate,Bismark_R2_mCHG_Rate,Bismark_R2_mCHH_Rate,Bismark_R2_TotalC,BAM_R1_TotalReads,BAM_R1_PrimaryMappedReads,BAM_R1_UniqMappedMapQ30Reads,BAM_R1_DuplicatePrimaryMapped,BAM_R1_UniqMappedMapQ30ReadsToLambda,BAM_R1_UniqMappedMapQ30ReadsToTargetSpecies,BAM_R2_TotalReads,BAM_R2_PrimaryMappedReads,BAM_R2_UniqMappedMapQ30Reads,BAM_R2_DuplicatePrimaryMapped,BAM_R2_UniqMappedMapQ30ReadsToLambda,BAM_R2_UniqMappedMapQ30ReadsToTargetSpecies,Trim_R1_QualityTrimmedBP,Trim_R1_TrimmedBP,Trim_R2_QualityTrimmedBP,Trim_R2_TrimmedBP,BAM_R1_Input,BAM_R1_Layout,BAM_R1_NHtagDetected,BAM_R1_TotalReads_Pct,BAM_R1_PrimaryMappedReads_Pct,BAM_R1_UniqMappedReads,BAM_R1_UniqMappedReads_Pct,BAM_R1_UniqMappedMapQ30Reads_Pct,BAM_R1_UniqMappedMapQ30ReadsToLambda_Pct,BAM_R1_UniqMappedMapQ30ReadsToTargetSpecies_Pct,BAM_R1_DuplicatePrimaryMapped_Pct,BAM_R1_SecondarySkipped,BAM_R1_SecondarySkipped_Pct,BAM_R1_SupplementarySkipped,BAM_R1_SupplementarySkipped_Pct,BAM_R1_UnmappedSkipped,BAM_R1_UnmappedSkipped_Pct,BAM_R1_NotCountedDueToLayout,BAM_R2_Input,BAM_R2_Layout,BAM_R2_NHtagDetected,BAM_R2_TotalReads_Pct,BAM_R2_PrimaryMappedReads_Pct,BAM_R2_UniqMappedReads,BAM_R2_UniqMappedReads_Pct,BAM_R2_UniqMappedMapQ30Reads_Pct,BAM_R2_UniqMappedMapQ30ReadsToLambda_Pct,BAM_R2_UniqMappedMapQ30ReadsToTargetSpecies_Pct,BAM_R2_DuplicatePrimaryMapped_Pct,BAM_R2_SecondarySkipped,BAM_R2_SecondarySkipped_Pct,BAM_R2_SupplementarySkipped,BAM_R2_SupplementarySkipped_Pct,BAM_R2_UnmappedSkipped,BAM_R2_UnmappedSkipped_Pct,BAM_R2_NotCountedDueToLayout,HCG_site_count,GCH_site_count,chrM_noncpg,chrM_endo,chrM_exo,chr21_noncpg,chr21_endo,chr21_exo
SRR3729642,38932980,37089431,20209323,54.48809123008655,48.55,10.15,10.75,19466490,19466490,100.0,9730454,50.0,19466490,19466490,100.0,9133511,46.9,18927827,10499277,55.5,6880077,1548473,48.6,10.2,10.8,198024349,18161604,9710046,53.5,6762883,1688675,48.5,10.1,10.7,178090297,10499273,10499273,6547215,8133822,0,6547215,9710028,9710028,5971440,7174327,0,5971440,69042069,1768573110,203405350,1642450502,04.alignment/SRR3729642_1.rmdup.RG.bam,SE,False,100.0,100.0,10499273,100.0,62.358746,0.0,100.0,77.470335,0,0.0,0,0.0,0,0.0,0,04.alignment/SRR3729642_2.rmdup.RG.bam,SE,False,100.0,100.0,9710028,100.0,61.49766,0.0,100.0,73.88575,0,0.0,0,0.0,0,0.0,0,518018,3331330,0.0,0.0,0.0,0.3369999999999999,35.814499999999995,22.1765
SRR3729643,28760382,27662032,13439403,48.584294168989466,55.1,26.35,29.65,14380191,14380191,100.0,6622875,46.1,14380191,14380191,100.0,6088641,42.3,14167367,7057884,49.8,6093020,1016463,55.4,26.7,30.2,132291509,13494665,6381519,47.3,6007546,1105600,54.8,26.0,29.1,115678444,7057884,7057884,4623622,4520525,0,4623622,6381504,6381504,4072556,3728811,0,4072556,48295468,1338015105,160401330,1230960063,04.alignment/SRR3729643_1.rmdup.RG.bam,SE,False,100.0,100.0,7057884,100.0,65.510031,0.0,100.0,64.049296,0,0.0,0,0.0,0,0.0,0,04.alignment/SRR3729643_2.rmdup.RG.bam,SE,False,100.0,100.0,6381504,100.0,63.818122,0.0,100.0,58.431539,0,0.0,0,0.0,0,0.0,0,519145,3311907,8.5835,3.6315,20.6485,0.41,37.7755,19.031
SRR3729644,19576312,19008154,7302914,38.41990126973929,47.650000000000006,12.2,13.45,9788156,9788156,100.0,4532890,46.3,9788156,9788156,100.0,4264317,43.6,9709664,3810887,39.2,5349577,549200,47.7,12.2,13.5,72401070,9298490,3492027,37.6,5204135,602328,47.6,12.2,13.4,64632876,3810887,3810887,2333830,2808414,0,2333830,3492027,3492027,2112801,2438882,0,2112801,34197826,915600215,100591866,851441581,04.alignment/SRR3729644_1.rmdup.RG.bam,SE,False,100.0,100.0,3810887,100.0,61.241123,0.0,100.0,73.694497,0,0.0,0,0.0,0,0.0,0,04.alignment/SRR3729644_2.rmdup.RG.bam,SE,False,100.0,100.0,3492027,100.0,60.50357,0.0,100.0,69.841442,0,0.0,0,0.0,0,0.0,0,232865,1491380,10.0,0.0,26.6665,0.274,36.3915,19.3185
SRR3729645,24846696,24053898,14696745,61.099223917886405,43.45,6.65,6.85,12423348,12423348,100.0,5601035,45.1,12423348,12423348,100.0,5241652,42.2,12334462,7750481,62.8,3588152,995829,43.6,6.7,6.9,147586572,11719436,6946264,59.3,3689206,1083966,43.3,6.6,6.8,128382091,7750472,7750472,4774306,6316465,0,4774306,6946264,6946264,4209511,5377997,0,4209511,43669711,1174449751,143526871,1075942353,04.alignment/SRR3729645_1.rmdup.RG.bam,SE,False,100.0,100.0,7750472,100.0,61.600197,0.0,100.0,81.497811,0,0.0,0,0.0,0,0.0,0,04.alignment/SRR3729645_2.rmdup.RG.bam,SE,False,100.0,100.0,6946264,100.0,60.60108,0.0,100.0,77.422871,0,0.0,0,0.0,0,0.0,0,310611,2003354,7.6925,7.143,0.0,0.4125,32.6665,16.9645
SRR3729646,25538198,24617388,9319768,37.858476293260686,51.7,12.65,13.7,12769099,12769099,100.0,6099592,47.8,12769099,12769099,100.0,5568809,43.6,12645641,4889217,38.7,6975701,780723,51.7,12.6,13.7,91239495,11971747,4430551,37.0,6738064,803132,51.7,12.7,13.7,81180139,4889217,4889217,2967126,3394160,0,2967126,4430551,4430551,2670309,2940594,0,2670309,56964811,1186132319,148966561,1096670178,04.alignment/SRR3729646_1.rmdup.RG.bam,SE,False,100.0,100.0,4889217,100.0,60.687141,0.0,100.0,69.421341,0,0.0,0,0.0,0,0.0,0,04.alignment/SRR3729646_2.rmdup.RG.bam,SE,False,100.0,100.0,4430551,100.0,60.270359,0.0,100.0,66.370842,0,0.0,0,0.0,0,0.0,0,287787,1912740,16.3425,15.2785,31.566,0.392,37.2015,21.631500000000003
SRR3729647,25484446,24476497,12394104,50.63675574164065,49.2,12.6,14.15,12742223,12742223,100.0,6111827,48.0,12742223,12742223,100.0,5577741,43.8,12578663,6507242,51.7,5102823,968598,49.3,12.5,14.1,123003351,11897834,5886862,49.5,4999516,1011456,49.1,12.7,14.2,107371741,6507241,6507241,3935985,5018580,0,3935985,5886860,5886860,3558453,4212540,0,3558453,50549799,1192564438,158016196,1087724785,04.alignment/SRR3729647_1.rmdup.RG.bam,SE,False,100.0,100.0,6507241,100.0,60.486234,0.0,100.0,77.123008,0,0.0,0,0.0,0,0.0,0,04.alignment/SRR3729647_2.rmdup.RG.bam,SE,False,100.0,100.0,5886860,100.0,60.447386,0.0,100.0,71.558352,0,0.0,0,0.0,0,0.0,0,303827,1963242,3.125,0.0,8.3335,0.4095,36.227,18.2225
SRR3729648,28937824,27850666,15422620,55.376126373423176,42.85,6.9,7.6,14468912,14468912,100.0,6435258,44.5,14468912,14468912,100.0,5975040,41.3,14351897,8173616,57.0,5102820,1075461,42.9,6.9,7.6,155427104,13498769,7249004,53.7,5054545,1195220,42.8,6.9,7.6,133010386,8173615,8173615,5002841,6585796,0,5002841,7249004,7249004,4336330,5491977,0,4336330,52339688,1368896501,187098625,1236001361,04.alignment/SRR3729648_1.rmdup.RG.bam,SE,False,100.0,100.0,8173615,100.0,61.207201,0.0,100.0,80.573846,0,0.0,0,0.0,0,0.0,0,04.alignment/SRR3729648_2.rmdup.RG.bam,SE,False,100.0,100.0,7249004,100.0,59.819666,0.0,100.0,75.761815,0,0.0,0,0.0,0,0.0,0,329480,2117096,11.8985,26.4285,12.549,0.2734999999999999,33.709,13.4125
SRR3729649,36689304,35441506,17013344,48.00400976188766,49.15,13.5,15.25,18344652,18344652,100.0,8566446,46.7,18344652,18344652,100.0,7849527,42.8,18174489,8917131,49.1,7996406,1260952,49.3,13.4,15.2,167555018,17267017,8096213,46.9,7760026,1410778,49.0,13.6,15.3,147402563,8917131,8917131,5589990,7048124,0,5589990,8096213,8096213,5009604,6083686,0,5009604,64002743,1717490458,212306142,1572229150,04.alignment/SRR3729649_1.rmdup.RG.bam,SE,False,100.0,100.0,8917131,100.0,62.688212,0.0,100.0,79.040265,0,0.0,0,0.0,0,0.0,0,04.alignment/SRR3729649_2.rmdup.RG.bam,SE,False,100.0,100.0,8096213,100.0,61.875892,0.0,100.0,75.142366,0,0.0,0,0.0,0,0.0,0,363499,2318348,7.7405,8.5755,20.764,0.4095,37.5585,17.368499999999997
SRR3729650,40622242,39228283,21463777,54.71505597122361,46.0,6.15,6.55,20311121,20311121,100.0,9341889,46.0,20311121,20311121,100.0,8751075,43.1,20116071,11240967,55.9,7372048,1503056,46.1,6.2,6.6,212583655,19112212,10222810,53.5,7234443,1654959,45.9,6.1,6.5,187941950,11240967,11240967,6742284,9252797,0,6742284,10222810,10222810,6097018,8043527,0,6097018,73143910,1899345214,236276846,1740091658,04.alignment/SRR3729650_1.rmdup.RG.bam,SE,False,100.0,100.0,11240967,100.0,59.979573,0.0,100.0,82.313176,0,0.0,0,0.0,0,0.0,0,04.alignment/SRR3729650_2.rmdup.RG.bam,SE,False,100.0,100.0,10222810,100.0,59.641312,0.0,100.0,78.682153,0,0.0,0,0.0,0,0.0,0,410005,2601332,0.0,0.0,16.6665,0.3405,38.407,13.777
SRR3729651,17208512,16602600,10173235,61.27495091130305,52.35,9.95,11.0,8604256,8604256,100.0,3978830,46.2,8604256,8604256,100.0,3695579,43.0,8525607,5331564,62.5,2418510,775533,52.4,9.9,11.0,100261022,8076993,4841671,59.9,2422302,813020,52.3,10.0,11.0,89137757,5331564,5331564,3247554,4034751,0,3247554,4841671,4841671,2920412,3544801,0,2920412,39356137,801652381,102971332,739277293,04.alignment/SRR3729651_1.rmdup.RG.bam,SE,False,100.0,100.0,5331564,100.0,60.911845,0.0,100.0,75.676687,0,0.0,0,0.0,0,0.0,0,04.alignment/SRR3729651_2.rmdup.RG.bam,SE,False,100.0,100.0,4841671,100.0,60.318266,0.0,100.0,73.214413,0,0.0,0,0.0,0,0.0,0,251735,1634802,33.333,0.0,0.0,0.3855,43.951,18.815
SRR3729652,50532062,48641196,24009184,49.35977314373602,49.25,13.65,15.25,25266031,25266031,100.0,11694758,46.3,25266031,25266031,100.0,10610399,42.0,25034425,12634172,50.5,10609996,1790257,49.4,13.8,15.5,239977221,23606771,11375012,48.2,10220659,2011100,49.1,13.5,15.0,207796838,12634171,12634171,8046698,9896343,0,8046698,11375011,11375011,7054407,8301533,0,7054407,86349044,2368914347,320835755,2139688838,04.alignment/SRR3729652_1.rmdup.RG.bam,SE,False,100.0,100.0,12634171,100.0,63.689956,0.0,100.0,78.329975,0,0.0,0,0.0,0,0.0,0,04.alignment/SRR3729652_2.rmdup.RG.bam,SE,False,100.0,100.0,11375011,100.0,62.016705,0.0,100.0,72.980439,0,0.0,0,0.0,0,0.0,0,572682,3584579,8.021,12.5,28.526,0.393,35.9845,19.261000000000003
SRR3729653,39898326,38747877,17724367,45.74280805113529,50.5,16.25,18.4,19949163,19949163,100.0,9185150,46.0,19949163,19949163,100.0,8309016,41.7,19779097,9239414,46.7,9137314,1402369,50.6,16.4,18.7,174868641,18968780,8484953,44.7,8934978,1548849,50.4,16.1,18.1,155759036,9239414,9239414,5872991,7426317,0,5872991,8484953,8484953,5320340,6495788,0,5320340,62758283,1870271584,207397094,1729475368,04.alignment/SRR3729653_1.rmdup.RG.bam,SE,False,100.0,100.0,9239414,100.0,63.56454,0.0,100.0,80.376494,0,0.0,0,0.0,0,0.0,0,04.alignment/SRR3729653_2.rmdup.RG.bam,SE,False,100.0,100.0,8484953,100.0,62.703235,0.0,100.0,76.556558,0,0.0,0,0.0,0,0.0,0,351984,2229570,,,,0.3235,35.0355,20.975
SRR3729654,18345586,17917931,1755690,9.79850854431798,46.7,2.75,4.85,9172793,9172793,100.0,4359932,47.5,9172793,9172793,100.0,3933940,42.9,9097962,904449,9.9,8027707,165806,46.8,2.7,5.4,17618093,8819969,851241,9.7,7751333,217395,46.6,2.8,4.3,16134832,904449,904449,547241,299135,0,547241,851241,851241,518292,258730,0,518292,13738440,864862528,63282857,818025818,04.alignment/SRR3729654_1.rmdup.RG.bam,SE,False,100.0,100.0,904449,100.0,60.505457,0.0,100.0,33.073728,0,0.0,0,0.0,0,0.0,0,04.alignment/SRR3729654_2.rmdup.RG.bam,SE,False,100.0,100.0,851241,100.0,60.886635,0.0,100.0,30.394448,0,0.0,0,0.0,0,0.0,0,222184,1344127,0.0,0.0,0.0,0.36,42.3475,0.753
SRR3729655,42694534,40509971,20915252,51.62988638031857,43.95,2.2,2.6500000000000004,21347267,21347267,100.0,10851988,50.8,21347267,21347267,100.0,10157421,47.6,20584309,10907396,53.0,8006830,1670083,44.0,2.2,2.6,207749614,19925662,10007856,50.2,8108291,1809515,43.9,2.2,2.7,185894588,10907395,10907395,6767049,8570730,0,6767049,10007822,10007822,6132967,7586143,0,6132967,75787334,1924487754,207827446,1806909827,04.alignment/SRR3729655_1.rmdup.RG.bam,SE,False,100.0,100.0,10907395,100.0,62.040927,0.0,100.0,78.57724,0,0.0,0,0.0,0,0.0,0,04.alignment/SRR3729655_2.rmdup.RG.bam,SE,False,100.0,100.0,10007822,100.0,61.281735,0.0,100.0,75.802138,0,0.0,0,0.0,0,0.0,0,538361,3461733,3.5715,0.0,0.0,0.2975,38.8275,1.0845
SRR3729656,43391606,41947222,23405910,55.79847456882842,72.8,1.2,1.4,21695803,21695803,100.0,11974352,55.2,21695803,21695803,100.0,11462368,52.8,21192813,12076662,57.0,7181030,1935121,72.8,1.2,1.4,223470092,20754409,11329248,54.6,7404817,2020344,72.8,1.2,1.4,206691133,12076661,12076661,7446384,7400940,0,7446384,11329247,11329247,6962820,6620258,0,6962820,67904494,1939957221,159127146,1863139517,04.alignment/SRR3729656_1.rmdup.RG.bam,SE,False,100.0,100.0,12076661,100.0,61.659295,0.0,100.0,61.282999,0,0.0,0,0.0,0,0.0,0,04.alignment/SRR3729656_2.rmdup.RG.bam,SE,False,100.0,100.0,11329247,100.0,61.458807,0.0,100.0,58.43511,0,0.0,0,0.0,0,0.0,0,1220457,8491426,0.9615,2.941,0.0,0.3445,75.7075,0.5115000000000001
SRR3729657,41577512,41124191,2250903,5.473428036553959,75.6,1.1,1.9,20788756,20788756,100.0,11486928,55.3,20788756,20788756,100.0,11155145,53.7,20713794,1143787,5.5,19346070,223937,75.6,1.1,1.8,20330919,20410397,1107116,5.4,19039366,263915,75.6,1.1,2.0,19349274,1143787,1143787,713738,134697,0,713738,1107116,1107116,693202,120279,0,693202,28739558,1900443068,90166167,1844788323,04.alignment/SRR3729657_1.rmdup.RG.bam,SE,False,100.0,100.0,1143787,100.0,62.401304,0.0,100.0,11.776406,0,0.0,0,0.0,0,0.0,0,04.alignment/SRR3729657_2.rmdup.RG.bam,SE,False,100.0,100.0,1107116,100.0,62.613312,0.0,100.0,10.864173,0,0.0,0,0.0,0,0.0,0,390837,2431190,1.1905,0.0,0.0,0.3265,79.07050000000001,0.8234999999999999
SRR3729658,10524008,10210539,5296118,51.8691324718509,50.0,1.2,1.4,5262004,5262004,100.0,2376344,45.2,5262004,5262004,100.0,2259202,42.9,5225431,2779218,53.2,2078004,368209,50.0,1.2,1.4,52666913,4985108,2516900,50.5,2057200,411008,50.0,1.2,1.4,46418471,2779218,2779218,1706790,1937661,0,1706790,2516900,2516900,1532431,1631278,0,1532431,18418909,498121148,58713292,458349744,04.alignment/SRR3729658_1.rmdup.RG.bam,SE,False,100.0,100.0,2779218,100.0,61.412599,0.0,100.0,69.719648,0,0.0,0,0.0,0,0.0,0,04.alignment/SRR3729658_2.rmdup.RG.bam,SE,False,100.0,100.0,2516900,100.0,60.885653,0.0,100.0,64.812984,0,0.0,0,0.0,0,0.0,0,214519,1434753,43.3335,0.0,33.333,0.304,45.469,1.598
SRR3729659,40813992,39167839,23870462,60.94403625382549,52.1,2.3,2.85,20406996,20406996,100.0,9521487,46.7,20406996,20406996,100.0,8891272,43.6,20077156,12497638,62.2,5906060,1673458,52.1,2.3,2.8,235090302,19090683,11372824,59.6,5866964,1850895,52.1,2.3,2.9,207295485,12497638,12497638,7642758,10008335,0,7642758,11372822,11372822,6861044,8664125,0,6861044,78211790,1894457692,242451596,1734729923,04.alignment/SRR3729659_1.rmdup.RG.bam,SE,False,100.0,100.0,12497638,100.0,61.15362,0.0,100.0,80.081812,0,0.0,0,0.0,0,0.0,0,04.alignment/SRR3729659_2.rmdup.RG.bam,SE,False,100.0,100.0,11372822,100.0,60.328422,0.0,100.0,76.182719,0,0.0,0,0.0,0,0.0,0,552839,3568430,2.4195,0.0,0.0,0.2865,49.649,1.0345
SRR3729660,42726180,41002336,22743291,55.46828112427546,48.35,2.0,2.3,21363090,21363090,100.0,10204696,47.8,21363090,21363090,100.0,9579715,44.8,21030594,11917014,56.7,7439340,1674240,48.4,2.0,2.3,225120446,19971742,10826277,54.2,7283754,1861711,48.3,2.0,2.3,198732221,11917013,11917013,7354329,9986589,0,7354329,10826277,10826277,6608661,8663610,0,6608661,78526745,1986385735,252524690,1816608227,04.alignment/SRR3729660_1.rmdup.RG.bam,SE,False,100.0,100.0,11917013,100.0,61.712855,0.0,100.0,83.801109,0,0.0,0,0.0,0,0.0,0,04.alignment/SRR3729660_2.rmdup.RG.bam,SE,False,100.0,100.0,10826277,100.0,61.042785,0.0,100.0,80.023908,0,0.0,0,0.0,0,0.0,0,376511,2472772,5.5555,0.0,8.3335,0.299,40.224,1.4515
SRR3729661,15220200,14781377,9419494,63.72541610974404,37.45,13.0,15.5,7610100,7610100,100.0,3505798,46.1,7610100,7610100,100.0,3243927,42.6,7556505,4953585,65.6,1984521,618399,37.6,13.1,15.6,96499639,7224872,4465909,61.8,2162125,596838,37.3,12.9,15.4,86441373,4953585,4953585,3241001,3411771,0,3241001,4465908,4465908,2837841,3021902,0,2837841,17426328,728851160,54806916,692365007,04.alignment/SRR3729661_1.rmdup.RG.bam,SE,False,100.0,100.0,4953585,100.0,65.427382,0.0,100.0,68.874785,0,0.0,0,0.0,0,0.0,0,04.alignment/SRR3729661_2.rmdup.RG.bam,SE,False,100.0,100.0,4465908,100.0,63.544547,0.0,100.0,67.666016,0,0.0,0,0.0,0,0.0,0,429910,2655000,14.101,17.0415,21.2525,0.3895,26.534,8.3675
SRR3729662,14996494,14569729,9298736,63.822298959712974,37.35,12.95,15.5,7498247,7498247,100.0,3432763,45.8,7498247,7498247,100.0,3173456,42.3,7445012,4879469,65.5,1954672,610871,37.5,13.0,15.6,94996480,7124717,4419267,62.0,2113763,591687,37.2,12.9,15.4,85464473,4879469,4879469,3183856,3345767,0,3183856,4419266,4419266,2801095,2974705,0,2801095,17542231,717972792,54185282,682222525,04.alignment/SRR3729662_1.rmdup.RG.bam,SE,False,100.0,100.0,4879469,100.0,65.250051,0.0,100.0,68.56826,0,0.0,0,0.0,0,0.0,0,04.alignment/SRR3729662_2.rmdup.RG.bam,SE,False,100.0,100.0,4419266,100.0,63.383716,0.0,100.0,67.312196,0,0.0,0,0.0,0,0.0,0,425702,2633885,14.758500000000002,20.1035,29.6025,0.3319999999999999,25.166,8.336500000000001
SRR3729663,13865206,13475944,8385708,62.2272398876101,34.2,5.7,5.85,6932603,6932603,100.0,3380993,48.8,6932603,6932603,100.0,3187420,46.0,6872329,4367172,63.5,1964383,540774,34.4,5.7,5.9,85031399,6603615,4018536,60.9,2056760,528319,34.0,5.7,5.8,78074513,4367172,4367172,2714710,2905612,0,2714710,4018536,4018536,2443765,2616051,0,2443765,16086787,656717847,46507577,627488454,04.alignment/SRR3729663_1.rmdup.RG.bam,SE,False,100.0,100.0,4367172,100.0,62.161738,0.0,100.0,66.533033,0,0.0,0,0.0,0,0.0,0,04.alignment/SRR3729663_2.rmdup.RG.bam,SE,False,100.0,100.0,4018536,100.0,60.812321,0.0,100.0,65.099603,0,0.0,0,0.0,0,0.0,0,456267,2853002,6.25,0.0,25.0,0.326,26.615,12.808
SRR3729664,13643382,13265878,8270311,62.34273374140784,34.2,5.65,5.85,6821691,6821691,100.0,3306064,48.5,6821691,6821691,100.0,3117336,45.7,6762246,4298011,63.6,1931652,532583,34.4,5.7,5.9,83664376,6503632,3972300,61.1,2007641,523691,34.0,5.6,5.8,77120161,4298010,4298010,2663214,2847202,0,2663214,3972300,3972300,2412165,2572244,0,2412165,16113590,646230245,45869717,617650627,04.alignment/SRR3729664_1.rmdup.RG.bam,SE,False,100.0,100.0,4298010,100.0,61.963886,0.0,100.0,66.244657,0,0.0,0,0.0,0,0.0,0,04.alignment/SRR3729664_2.rmdup.RG.bam,SE,False,100.0,100.0,3972300,100.0,60.724643,0.0,100.0,64.754525,0,0.0,0,0.0,0,0.0,0,452812,2830088,0.0,0.0,0.0,0.2875,27.6665,12.302
SRR3729665,13647608,13236532,8085594,61.085441413204,37.05,7.95,8.75,6823804,6823804,100.0,3366878,49.3,6823804,6823804,100.0,3101147,45.4,6771058,4239389,62.6,2011006,520663,37.2,8.0,8.8,83663271,6465474,3846205,59.5,2115586,503683,36.9,7.9,8.7,75528566,4239389,4239389,2672837,2818818,0,2672837,3846204,3846204,2361464,2511411,0,2361464,15634453,644280823,50078431,611367160,04.alignment/SRR3729665_1.rmdup.RG.bam,SE,False,100.0,100.0,4239389,100.0,63.047694,0.0,100.0,66.491138,0,0.0,0,0.0,0,0.0,0,04.alignment/SRR3729665_2.rmdup.RG.bam,SE,False,100.0,100.0,3846204,100.0,61.397263,0.0,100.0,65.295835,0,0.0,0,0.0,0,0.0,0,450055,2751566,12.7585,5.0,43.333,0.3625,27.131,12.2515
SRR3729666,13405118,13004408,7960536,61.21413600680631,37.0,7.85,8.7,6702559,6702559,100.0,3286558,49.0,6702559,6702559,100.0,3023781,45.1,6650496,4164627,62.6,1974458,511411,37.2,7.9,8.8,82178078,6353912,3795909,59.7,2059932,498071,36.8,7.8,8.6,74499513,4164626,4164626,2619246,2755562,0,2619246,3795909,3795909,2326145,2463885,0,2326145,15665703,632932534,49570485,600541071,04.alignment/SRR3729666_1.rmdup.RG.bam,SE,False,100.0,100.0,4164626,100.0,62.892706,0.0,100.0,66.165893,0,0.0,0,0.0,0,0.0,0,04.alignment/SRR3729666_2.rmdup.RG.bam,SE,False,100.0,100.0,3795909,100.0,61.280315,0.0,100.0,64.908959,0,0.0,0,0.0,0,0.0,0,444246,2728128,6.9815000000000005,6.25,32.4785,0.424,27.3255,12.348
SRR3729667,17690292,17205652,9633963,55.99301322611895,34.9,10.55,12.05,8845146,8845146,100.0,4277130,48.4,8845146,8845146,100.0,3934021,44.5,8786865,5037344,57.3,3111359,638162,35.0,10.6,12.1,97029155,8418787,4596619,54.6,3206867,615301,34.8,10.5,12.0,88052296,5037343,5037343,3217466,3500906,0,3217466,4596619,4596619,2857915,3138896,0,2857915,19053619,840515382,60412739,800703175,04.alignment/SRR3729667_1.rmdup.RG.bam,SE,False,100.0,100.0,5037343,100.0,63.872283,0.0,100.0,69.499059,0,0.0,0,0.0,0,0.0,0,04.alignment/SRR3729667_2.rmdup.RG.bam,SE,False,100.0,100.0,4596619,100.0,62.174285,0.0,100.0,68.287061,0,0.0,0,0.0,0,0.0,0,432189,2718967,0.0,0.0,0.0,0.314,26.0655,12.811
SRR3729668,17400882,16928725,9503481,56.138197058549885,34.85,10.5,11.95,8700441,8700441,100.0,4187120,48.1,8700441,8700441,100.0,3842829,44.2,8642717,4958661,57.4,3054357,629699,35.0,10.5,12.0,95435475,8286008,4544820,54.8,3130378,610810,34.7,10.5,11.9,86942613,4958661,4958661,3157356,3429807,0,3157356,4544820,4544820,2822490,3086420,0,2822490,19122665,826724336,59920428,787478739,04.alignment/SRR3729668_1.rmdup.RG.bam,SE,False,100.0,100.0,4958661,100.0,63.67356,0.0,100.0,69.168007,0,0.0,0,0.0,0,0.0,0,04.alignment/SRR3729668_2.rmdup.RG.bam,SE,False,100.0,100.0,4544820,100.0,62.10345,0.0,100.0,67.91072,0,0.0,0,0.0,0,0.0,0,428639,2700038,7.143,0.0,0.0,0.3095,25.421,12.61
SRR3729669,16858394,16379733,9825100,59.98327323162105,36.2,11.1,12.5,8429197,8429197,100.0,4173211,49.5,8429197,8429197,100.0,3871991,45.9,8362375,5130228,61.3,2544930,687217,36.4,11.2,12.6,98641420,8017358,4694872,58.6,2657269,665217,36.0,11.0,12.4,89671256,5130228,5130228,3254450,3531011,0,3254450,4694872,4694872,2902448,3169493,0,2902448,19325304,794494463,58696946,756993071,04.alignment/SRR3729669_1.rmdup.RG.bam,SE,False,100.0,100.0,5130228,100.0,63.436752,0.0,100.0,68.827565,0,0.0,0,0.0,0,0.0,0,04.alignment/SRR3729669_2.rmdup.RG.bam,SE,False,100.0,100.0,4694872,100.0,61.821664,0.0,100.0,67.509679,0,0.0,0,0.0,0,0.0,0,441802,2804975,0.0,0.0,33.333,0.294,27.6395,13.2725
SRR3729670,16555654,16089916,9676057,60.13739910139992,36.2,11.05,12.4,8277827,8277827,100.0,4073313,49.2,8277827,8277827,100.0,3775396,45.6,8212236,5040995,61.4,2497986,673255,36.4,11.1,12.5,96905400,7877680,4635062,58.8,2585739,656879,36.0,11.0,12.3,88448161,5040995,5040995,3187360,3451423,0,3187360,4635062,4635062,2861502,3110710,0,2861502,19316764,780424210,58159250,743455748,04.alignment/SRR3729670_1.rmdup.RG.bam,SE,False,100.0,100.0,5040995,100.0,63.228787,0.0,100.0,68.467098,0,0.0,0,0.0,0,0.0,0,04.alignment/SRR3729670_2.rmdup.RG.bam,SE,False,100.0,100.0,4635062,100.0,61.736003,0.0,100.0,67.112587,0,0.0,0,0.0,0,0.0,0,437950,2781096,0.0,0.0,50.0,0.305,27.425,13.058
SRR3729671,21341728,20754010,12466098,60.06597279272776,38.2,10.1,11.9,10670864,10670864,100.0,5142083,48.2,10670864,10670864,100.0,4769287,44.7,10598062,6552219,61.8,3246251,799592,38.4,10.1,11.9,128362606,10155948,5913879,58.2,3470811,771258,38.0,10.1,11.9,115129166,6552219,6552219,4210997,4812327,0,4210997,5913879,5913879,3685652,4280042,0,3685652,24199171,1013682321,74138068,965550615,04.alignment/SRR3729671_1.rmdup.RG.bam,SE,False,100.0,100.0,6552219,100.0,64.268258,0.0,100.0,73.445759,0,0.0,0,0.0,0,0.0,0,04.alignment/SRR3729671_2.rmdup.RG.bam,SE,False,100.0,100.0,5913879,100.0,62.322073,0.0,100.0,72.372837,0,0.0,0,0.0,0,0.0,0,483194,3003462,3.7035,28.3335,68.5715,0.4245,26.358,9.596
SRR3729672,21028684,20453527,12311996,60.19497761926341,38.1,10.1,11.8,10514342,10514342,100.0,5032893,47.9,10514342,10514342,100.0,4670962,44.4,10442525,6456753,61.8,3199785,785987,38.3,10.1,11.8,126418722,10011002,5855243,58.5,3392191,763568,37.9,10.1,11.8,113915162,6456753,6456753,4137672,4723000,0,4137672,5855243,5855243,3646128,4215654,0,3646128,24219775,998857037,73710818,951187778,04.alignment/SRR3729672_1.rmdup.RG.bam,SE,False,100.0,100.0,6456753,100.0,64.08286,0.0,100.0,73.148222,0,0.0,0,0.0,0,0.0,0,04.alignment/SRR3729672_2.rmdup.RG.bam,SE,False,100.0,100.0,5855243,100.0,62.271164,0.0,100.0,71.997934,0,0.0,0,0.0,0,0.0,0,481996,2991172,8.041,33.3335,81.25,0.356,26.256500000000003,9.854500000000002
SRR3729673,15982942,15599927,9245226,59.264546558455045,34.75,8.4,9.95,7991471,7991471,100.0,4031761,50.5,7991471,7991471,100.0,3766560,47.1,7926531,4811745,60.7,2461773,653013,34.9,8.4,10.0,93566450,7673396,4433481,57.8,2612272,627643,34.6,8.4,9.9,85818320,4811745,4811745,3111886,3241572,0,3111886,4433480,4433480,2790870,2951530,0,2790870,17466966,749337840,46718819,721962184,04.alignment/SRR3729673_1.rmdup.RG.bam,SE,False,100.0,100.0,4811745,100.0,64.672712,0.0,100.0,67.367909,0,0.0,0,0.0,0,0.0,0,04.alignment/SRR3729673_2.rmdup.RG.bam,SE,False,100.0,100.0,4433480,100.0,62.949872,0.0,100.0,66.573662,0,0.0,0,0.0,0,0.0,0,494385,3048465,0.0,0.0,100.0,0.3,25.288,10.0395
SRR3729674,15699616,15323803,9098042,59.371958775507615,34.75,8.3,9.9,7849808,7849808,100.0,3936098,50.1,7849808,7849808,100.0,3676358,46.8,7785274,4726064,60.7,2417896,641314,34.9,8.3,9.9,91827107,7538529,4371978,58.0,2544460,622091,34.6,8.3,9.9,84542970,4726064,4726064,3046711,3166302,0,3046711,4371978,4371978,2748970,2892228,0,2748970,17561931,736058055,46629814,708862574,04.alignment/SRR3729674_1.rmdup.RG.bam,SE,False,100.0,100.0,4726064,100.0,64.466139,0.0,100.0,66.996596,0,0.0,0,0.0,0,0.0,0,04.alignment/SRR3729674_2.rmdup.RG.bam,SE,False,100.0,100.0,4371978,100.0,62.877032,0.0,100.0,66.153764,0,0.0,0,0.0,0,0.0,0,491284,3027658,0.0,0.0,100.0,0.323,26.606,10.2605
SRR3729675,16515616,16070177,9018911,56.12203897940887,36.3,5.2,5.3,8257808,8257808,100.0,4044069,49.0,8257808,8257808,100.0,3745765,45.4,8206701,4736155,57.7,2887645,582901,36.5,5.2,5.3,92243088,7863476,4282756,54.5,3014385,566335,36.1,5.2,5.3,83062621,4736154,4736154,2967262,3226367,0,2967262,4282756,4282756,2605938,2868381,0,2605938,17974711,783733016,56844053,746331726,04.alignment/SRR3729675_1.rmdup.RG.bam,SE,False,100.0,100.0,4736154,100.0,62.651299,0.0,100.0,68.122088,0,0.0,0,0.0,0,0.0,0,04.alignment/SRR3729675_2.rmdup.RG.bam,SE,False,100.0,100.0,4282756,100.0,60.847221,0.0,100.0,66.975121,0,0.0,0,0.0,0,0.0,0,466949,2916486,0.0,0.0,50.0,0.398,28.235,13.045
SRR3729676,16232976,15796430,8885268,56.24858274939337,36.3,5.2,5.3,8116488,8116488,100.0,3949898,48.7,8116488,8116488,100.0,3657139,45.1,8065555,4655765,57.7,2836833,572957,36.5,5.2,5.3,90622227,7730875,4229503,54.7,2940282,561090,36.1,5.2,5.3,81976765,4655764,4655764,2905693,3153139,0,2905693,4229503,4229503,2569827,2816503,0,2569827,18048826,770250933,56503873,733269803,04.alignment/SRR3729676_1.rmdup.RG.bam,SE,False,100.0,100.0,4655764,100.0,62.410659,0.0,100.0,67.72549,0,0.0,0,0.0,0,0.0,0,04.alignment/SRR3729676_2.rmdup.RG.bam,SE,False,100.0,100.0,4229503,100.0,60.75955,0.0,100.0,66.591819,0,0.0,0,0.0,0,0.0,0,463107,2895761,0.0,0.0,75.0,0.488,27.8835,12.7785
SRR3729677,17225204,16734980,10298460,61.53852589008173,38.0,8.3,9.35,8612602,8612602,100.0,4167823,48.4,8612602,8612602,100.0,3864555,44.9,8555796,5414894,63.3,2491535,649367,38.1,8.3,9.4,106313318,8179184,4883566,59.7,2670250,625368,37.9,8.3,9.3,95431794,5414892,5414892,3432125,3705516,0,3432125,4883566,4883566,3015199,3285005,0,3015199,19685887,818170848,62055260,777352322,04.alignment/SRR3729677_1.rmdup.RG.bam,SE,False,100.0,100.0,5414892,100.0,63.383074,0.0,100.0,68.431947,0,0.0,0,0.0,0,0.0,0,04.alignment/SRR3729677_2.rmdup.RG.bam,SE,False,100.0,100.0,4883566,100.0,61.741748,0.0,100.0,67.266522,0,0.0,0,0.0,0,0.0,0,522667,3184404,5.5555,0.0,27.5,0.4065,28.731,11.722
SRR3729678,16923788,16443471,10139703,61.66400634026721,38.05,8.3,9.35,8461894,8461894,100.0,4070526,48.1,8461894,8461894,100.0,3769125,44.5,8404851,5320749,63.3,2445957,638145,38.2,8.3,9.4,104423632,8038620,4818954,59.9,2600577,619089,37.9,8.3,9.3,94086968,5320748,5320748,3361957,3620894,0,3361957,4818954,4818954,2971177,3222228,0,2971177,19791458,803676544,61600085,763436530,04.alignment/SRR3729678_1.rmdup.RG.bam,SE,False,100.0,100.0,5320748,100.0,63.185796,0.0,100.0,68.052349,0,0.0,0,0.0,0,0.0,0,04.alignment/SRR3729678_2.rmdup.RG.bam,SE,False,100.0,100.0,4818954,100.0,61.656056,0.0,100.0,66.865714,0,0.0,0,0.0,0,0.0,0,518435,3159402,5.5555,0.0,31.25,0.351,29.314,11.645
SRR3729679,17458908,16939808,9824418,57.99604104131523,37.35,12.65,14.2,8729454,8729454,100.0,4264540,48.9,8729454,8729454,100.0,3926717,45.0,8668013,5210519,60.1,2779591,677903,37.4,12.6,14.2,99241598,8271795,4613899,55.8,3012820,645076,37.3,12.7,14.2,87223527,5210519,5210519,3405443,4126128,0,3405443,4613899,4613899,2923383,3607104,0,2923383,19675102,826279387,64175483,783423419,04.alignment/SRR3729679_1.rmdup.RG.bam,SE,False,100.0,100.0,5210519,100.0,65.357079,0.0,100.0,79.188426,0,0.0,0,0.0,0,0.0,0,04.alignment/SRR3729679_2.rmdup.RG.bam,SE,False,100.0,100.0,4613899,100.0,63.36036,0.0,100.0,78.179085,0,0.0,0,0.0,0,0.0,0,251738,1612972,,0.0,0.0,0.424,26.1485,13.837
SRR3729680,17184322,16678332,9689153,58.09425666787303,37.25,12.65,14.1,8592161,8592161,100.0,4169374,48.5,8592161,8592161,100.0,3840896,44.7,8531525,5126682,60.1,2737337,667506,37.3,12.6,14.1,97561276,8146807,4562471,56.0,2947181,637155,37.2,12.7,14.1,86185650,5126682,5126682,3341748,4045336,0,3341748,4562471,4562471,2887818,3550900,0,2887818,19698408,813363499,63532249,771160743,04.alignment/SRR3729680_1.rmdup.RG.bam,SE,False,100.0,100.0,5126682,100.0,65.183446,0.0,100.0,78.907488,0,0.0,0,0.0,0,0.0,0,04.alignment/SRR3729680_2.rmdup.RG.bam,SE,False,100.0,100.0,4562471,100.0,63.295043,0.0,100.0,77.82844,0,0.0,0,0.0,0,0.0,0,251348,1608437,,0.0,0.0,0.359,26.414,13.9255
SRR3729681,17011890,16563658,10200477,61.58347992937309,34.45,9.35,10.25,8505945,8505945,100.0,4118719,48.4,8505945,8505945,100.0,3823047,44.9,8449681,5336404,63.2,2430012,683265,34.6,9.4,10.3,102983581,8113977,4864073,59.9,2592159,657745,34.3,9.3,10.2,93342264,5336404,5336404,3458917,3800090,0,3458917,4864073,4864073,3065774,3417957,0,3065774,19129993,808152250,57301160,771372044,04.alignment/SRR3729681_1.rmdup.RG.bam,SE,False,100.0,100.0,5336404,100.0,64.817375,0.0,100.0,71.210688,0,0.0,0,0.0,0,0.0,0,04.alignment/SRR3729681_2.rmdup.RG.bam,SE,False,100.0,100.0,4864073,100.0,63.028947,0.0,100.0,70.269443,0,0.0,0,0.0,0,0.0,0,440078,2792367,0.0,100.0,0.0,0.359,24.2955,13.779
SRR3729682,16711120,16271837,10042972,61.71996437771593,34.400000000000006,9.25,10.15,8355560,8355560,100.0,4022501,48.1,8355560,8355560,100.0,3731216,44.7,8299530,5245024,63.2,2385177,669329,34.6,9.3,10.2,101216089,7972307,4797948,60.2,2524017,650342,34.2,9.2,10.1,92035463,5245024,5245024,3386673,3715747,0,3386673,4797948,4797948,3020539,3351710,0,3020539,19121994,793824021,56949937,757425780,04.alignment/SRR3729682_1.rmdup.RG.bam,SE,False,100.0,100.0,5245024,100.0,64.569256,0.0,100.0,70.843279,0,0.0,0,0.0,0,0.0,0,04.alignment/SRR3729682_2.rmdup.RG.bam,SE,False,100.0,100.0,4797948,100.0,62.954809,0.0,100.0,69.857156,0,0.0,0,0.0,0,0.0,0,437608,2774695,0.0,50.0,0.0,0.3409999999999999,24.861,13.5205
