SRR21549289	/gpfs/projects/b1042/epifluidlab/yoshii/scnomehic_paper/benchmark/snmCseq3/04.bhmem_bam/SRR21549289.calmd.bam	0
SRR21549291	/gpfs/projects/b1042/epifluidlab/yoshii/scnomehic_paper/benchmark/snmCseq3/04.bhmem_bam/SRR21549291.calmd.bam	0
SRR21549292	/gpfs/projects/b1042/epifluidlab/yoshii/scnomehic_paper/benchmark/snmCseq3/04.bhmem_bam/SRR21549292.calmd.bam	0
SRR21549298	/gpfs/projects/b1042/epifluidlab/yoshii/scnomehic_paper/benchmark/snmCseq3/04.bhmem_bam/SRR21549298.calmd.bam	0
SRR21549299	/gpfs/projects/b1042/epifluidlab/yoshii/scnomehic_paper/benchmark/snmCseq3/04.bhmem_bam/SRR21549299.calmd.bam	0
SRR21549301	/gpfs/projects/b1042/epifluidlab/yoshii/scnomehic_paper/benchmark/snmCseq3/04.bhmem_bam/SRR21549301.calmd.bam	0
SRR21549302	/gpfs/projects/b1042/epifluidlab/yoshii/scnomehic_paper/benchmark/snmCseq3/04.bhmem_bam/SRR21549302.calmd.bam	0
SRR21549304	/gpfs/projects/b1042/epifluidlab/yoshii/scnomehic_paper/benchmark/snmCseq3/04.bhmem_bam/SRR21549304.calmd.bam	0
SRR21549305	/gpfs/projects/b1042/epifluidlab/yoshii/scnomehic_paper/benchmark/snmCseq3/04.bhmem_bam/SRR21549305.calmd.bam	0
SRR21549307	/gpfs/projects/b1042/epifluidlab/yoshii/scnomehic_paper/benchmark/snmCseq3/04.bhmem_bam/SRR21549307.calmd.bam	0
SRR21549308	/gpfs/projects/b1042/epifluidlab/yoshii/scnomehic_paper/benchmark/snmCseq3/04.bhmem_bam/SRR21549308.calmd.bam	0
SRR21549309	/gpfs/projects/b1042/epifluidlab/yoshii/scnomehic_paper/benchmark/snmCseq3/04.bhmem_bam/SRR21549309.calmd.bam	0
SRR21549310	/gpfs/projects/b1042/epifluidlab/yoshii/scnomehic_paper/benchmark/snmCseq3/04.bhmem_bam/SRR21549310.calmd.bam	0
SRR21549312	/gpfs/projects/b1042/epifluidlab/yoshii/scnomehic_paper/benchmark/snmCseq3/04.bhmem_bam/SRR21549312.calmd.bam	0
SRR21549313	/gpfs/projects/b1042/epifluidlab/yoshii/scnomehic_paper/benchmark/snmCseq3/04.bhmem_bam/SRR21549313.calmd.bam	0
SRR21549316	/gpfs/projects/b1042/epifluidlab/yoshii/scnomehic_paper/benchmark/snmCseq3/04.bhmem_bam/SRR21549316.calmd.bam	0
SRR21549317	/gpfs/projects/b1042/epifluidlab/yoshii/scnomehic_paper/benchmark/snmCseq3/04.bhmem_bam/SRR21549317.calmd.bam	0
SRR21549318	/gpfs/projects/b1042/epifluidlab/yoshii/scnomehic_paper/benchmark/snmCseq3/04.bhmem_bam/SRR21549318.calmd.bam	0
SRR21549319	/gpfs/projects/b1042/epifluidlab/yoshii/scnomehic_paper/benchmark/snmCseq3/04.bhmem_bam/SRR21549319.calmd.bam	0
SRR21549321	/gpfs/projects/b1042/epifluidlab/yoshii/scnomehic_paper/benchmark/snmCseq3/04.bhmem_bam/SRR21549321.calmd.bam	0
SRR21549322	/gpfs/projects/b1042/epifluidlab/yoshii/scnomehic_paper/benchmark/snmCseq3/04.bhmem_bam/SRR21549322.calmd.bam	0
SRR21549324	/gpfs/projects/b1042/epifluidlab/yoshii/scnomehic_paper/benchmark/snmCseq3/04.bhmem_bam/SRR21549324.calmd.bam	0
SRR21549325	/gpfs/projects/b1042/epifluidlab/yoshii/scnomehic_paper/benchmark/snmCseq3/04.bhmem_bam/SRR21549325.calmd.bam	0
SRR21549326	/gpfs/projects/b1042/epifluidlab/yoshii/scnomehic_paper/benchmark/snmCseq3/04.bhmem_bam/SRR21549326.calmd.bam	0
SRR21549327	/gpfs/projects/b1042/epifluidlab/yoshii/scnomehic_paper/benchmark/snmCseq3/04.bhmem_bam/SRR21549327.calmd.bam	0
SRR21549329	/gpfs/projects/b1042/epifluidlab/yoshii/scnomehic_paper/benchmark/snmCseq3/04.bhmem_bam/SRR21549329.calmd.bam	0
SRR21549331	/gpfs/projects/b1042/epifluidlab/yoshii/scnomehic_paper/benchmark/snmCseq3/04.bhmem_bam/SRR21549331.calmd.bam	0
SRR21549332	/gpfs/projects/b1042/epifluidlab/yoshii/scnomehic_paper/benchmark/snmCseq3/04.bhmem_bam/SRR21549332.calmd.bam	0
SRR21549333	/gpfs/projects/b1042/epifluidlab/yoshii/scnomehic_paper/benchmark/snmCseq3/04.bhmem_bam/SRR21549333.calmd.bam	0
SRR21549335	/gpfs/projects/b1042/epifluidlab/yoshii/scnomehic_paper/benchmark/snmCseq3/04.bhmem_bam/SRR21549335.calmd.bam	0
SRR21549336	/gpfs/projects/b1042/epifluidlab/yoshii/scnomehic_paper/benchmark/snmCseq3/04.bhmem_bam/SRR21549336.calmd.bam	0
SRR21549337	/gpfs/projects/b1042/epifluidlab/yoshii/scnomehic_paper/benchmark/snmCseq3/04.bhmem_bam/SRR21549337.calmd.bam	0
SRR21549338	/gpfs/projects/b1042/epifluidlab/yoshii/scnomehic_paper/benchmark/snmCseq3/04.bhmem_bam/SRR21549338.calmd.bam	0
SRR21549340	/gpfs/projects/b1042/epifluidlab/yoshii/scnomehic_paper/benchmark/snmCseq3/04.bhmem_bam/SRR21549340.calmd.bam	0
SRR21549342	/gpfs/projects/b1042/epifluidlab/yoshii/scnomehic_paper/benchmark/snmCseq3/04.bhmem_bam/SRR21549342.calmd.bam	0
SRR21549343	/gpfs/projects/b1042/epifluidlab/yoshii/scnomehic_paper/benchmark/snmCseq3/04.bhmem_bam/SRR21549343.calmd.bam	0
SRR21549344	/gpfs/projects/b1042/epifluidlab/yoshii/scnomehic_paper/benchmark/snmCseq3/04.bhmem_bam/SRR21549344.calmd.bam	0
SRR21549345	/gpfs/projects/b1042/epifluidlab/yoshii/scnomehic_paper/benchmark/snmCseq3/04.bhmem_bam/SRR21549345.calmd.bam	0
SRR21549348	/gpfs/projects/b1042/epifluidlab/yoshii/scnomehic_paper/benchmark/snmCseq3/04.bhmem_bam/SRR21549348.calmd.bam	0
SRR21549349	/gpfs/projects/b1042/epifluidlab/yoshii/scnomehic_paper/benchmark/snmCseq3/04.bhmem_bam/SRR21549349.calmd.bam	0
SRR21549350	/gpfs/projects/b1042/epifluidlab/yoshii/scnomehic_paper/benchmark/snmCseq3/04.bhmem_bam/SRR21549350.calmd.bam	0
SRR21549351	/gpfs/projects/b1042/epifluidlab/yoshii/scnomehic_paper/benchmark/snmCseq3/04.bhmem_bam/SRR21549351.calmd.bam	0
SRR21549353	/gpfs/projects/b1042/epifluidlab/yoshii/scnomehic_paper/benchmark/snmCseq3/04.bhmem_bam/SRR21549353.calmd.bam	0
SRR21549354	/gpfs/projects/b1042/epifluidlab/yoshii/scnomehic_paper/benchmark/snmCseq3/04.bhmem_bam/SRR21549354.calmd.bam	0
SRR21549356	/gpfs/projects/b1042/epifluidlab/yoshii/scnomehic_paper/benchmark/snmCseq3/04.bhmem_bam/SRR21549356.calmd.bam	0
SRR21549357	/gpfs/projects/b1042/epifluidlab/yoshii/scnomehic_paper/benchmark/snmCseq3/04.bhmem_bam/SRR21549357.calmd.bam	0
SRR21549358	/gpfs/projects/b1042/epifluidlab/yoshii/scnomehic_paper/benchmark/snmCseq3/04.bhmem_bam/SRR21549358.calmd.bam	0
SRR21549359	/gpfs/projects/b1042/epifluidlab/yoshii/scnomehic_paper/benchmark/snmCseq3/04.bhmem_bam/SRR21549359.calmd.bam	0
SRR21549360	/gpfs/projects/b1042/epifluidlab/yoshii/scnomehic_paper/benchmark/snmCseq3/04.bhmem_bam/SRR21549360.calmd.bam	0
SRR21549361	/gpfs/projects/b1042/epifluidlab/yoshii/scnomehic_paper/benchmark/snmCseq3/04.bhmem_bam/SRR21549361.calmd.bam	0
SRR21549362	/gpfs/projects/b1042/epifluidlab/yoshii/scnomehic_paper/benchmark/snmCseq3/04.bhmem_bam/SRR21549362.calmd.bam	0
SRR21549363	/gpfs/projects/b1042/epifluidlab/yoshii/scnomehic_paper/benchmark/snmCseq3/04.bhmem_bam/SRR21549363.calmd.bam	0
SRR21549370	/gpfs/projects/b1042/epifluidlab/yoshii/scnomehic_paper/benchmark/snmCseq3/04.bhmem_bam/SRR21549370.calmd.bam	0
SRR21549371	/gpfs/projects/b1042/epifluidlab/yoshii/scnomehic_paper/benchmark/snmCseq3/04.bhmem_bam/SRR21549371.calmd.bam	0
SRR21549373	/gpfs/projects/b1042/epifluidlab/yoshii/scnomehic_paper/benchmark/snmCseq3/04.bhmem_bam/SRR21549373.calmd.bam	0
SRR21549374	/gpfs/projects/b1042/epifluidlab/yoshii/scnomehic_paper/benchmark/snmCseq3/04.bhmem_bam/SRR21549374.calmd.bam	0
SRR21549376	/gpfs/projects/b1042/epifluidlab/yoshii/scnomehic_paper/benchmark/snmCseq3/04.bhmem_bam/SRR21549376.calmd.bam	0
SRR21549377	/gpfs/projects/b1042/epifluidlab/yoshii/scnomehic_paper/benchmark/snmCseq3/04.bhmem_bam/SRR21549377.calmd.bam	0
SRR21549379	/gpfs/projects/b1042/epifluidlab/yoshii/scnomehic_paper/benchmark/snmCseq3/04.bhmem_bam/SRR21549379.calmd.bam	0
SRR21549380	/gpfs/projects/b1042/epifluidlab/yoshii/scnomehic_paper/benchmark/snmCseq3/04.bhmem_bam/SRR21549380.calmd.bam	0
SRR21549382	/gpfs/projects/b1042/epifluidlab/yoshii/scnomehic_paper/benchmark/snmCseq3/04.bhmem_bam/SRR21549382.calmd.bam	0
SRR21549383	/gpfs/projects/b1042/epifluidlab/yoshii/scnomehic_paper/benchmark/snmCseq3/04.bhmem_bam/SRR21549383.calmd.bam	0
SRR21549384	/gpfs/projects/b1042/epifluidlab/yoshii/scnomehic_paper/benchmark/snmCseq3/04.bhmem_bam/SRR21549384.calmd.bam	0
SRR21549385	/gpfs/projects/b1042/epifluidlab/yoshii/scnomehic_paper/benchmark/snmCseq3/04.bhmem_bam/SRR21549385.calmd.bam	0
SRR21549387	/gpfs/projects/b1042/epifluidlab/yoshii/scnomehic_paper/benchmark/snmCseq3/04.bhmem_bam/SRR21549387.calmd.bam	0
SRR21549388	/gpfs/projects/b1042/epifluidlab/yoshii/scnomehic_paper/benchmark/snmCseq3/04.bhmem_bam/SRR21549388.calmd.bam	0
SRR21549390	/gpfs/projects/b1042/epifluidlab/yoshii/scnomehic_paper/benchmark/snmCseq3/04.bhmem_bam/SRR21549390.calmd.bam	0
SRR21549391	/gpfs/projects/b1042/epifluidlab/yoshii/scnomehic_paper/benchmark/snmCseq3/04.bhmem_bam/SRR21549391.calmd.bam	0
SRR21549392	/gpfs/projects/b1042/epifluidlab/yoshii/scnomehic_paper/benchmark/snmCseq3/04.bhmem_bam/SRR21549392.calmd.bam	0
SRR21549393	/gpfs/projects/b1042/epifluidlab/yoshii/scnomehic_paper/benchmark/snmCseq3/04.bhmem_bam/SRR21549393.calmd.bam	0
SRR21549395	/gpfs/projects/b1042/epifluidlab/yoshii/scnomehic_paper/benchmark/snmCseq3/04.bhmem_bam/SRR21549395.calmd.bam	0
SRR21549396	/gpfs/projects/b1042/epifluidlab/yoshii/scnomehic_paper/benchmark/snmCseq3/04.bhmem_bam/SRR21549396.calmd.bam	0
SRR21549397	/gpfs/projects/b1042/epifluidlab/yoshii/scnomehic_paper/benchmark/snmCseq3/04.bhmem_bam/SRR21549397.calmd.bam	0
SRR21549399	/gpfs/projects/b1042/epifluidlab/yoshii/scnomehic_paper/benchmark/snmCseq3/04.bhmem_bam/SRR21549399.calmd.bam	0
SRR21549401	/gpfs/projects/b1042/epifluidlab/yoshii/scnomehic_paper/benchmark/snmCseq3/04.bhmem_bam/SRR21549401.calmd.bam	0
SRR21549402	/gpfs/projects/b1042/epifluidlab/yoshii/scnomehic_paper/benchmark/snmCseq3/04.bhmem_bam/SRR21549402.calmd.bam	0
SRR21549404	/gpfs/projects/b1042/epifluidlab/yoshii/scnomehic_paper/benchmark/snmCseq3/04.bhmem_bam/SRR21549404.calmd.bam	0
SRR21549405	/gpfs/projects/b1042/epifluidlab/yoshii/scnomehic_paper/benchmark/snmCseq3/04.bhmem_bam/SRR21549405.calmd.bam	0
SRR21549409	/gpfs/projects/b1042/epifluidlab/yoshii/scnomehic_paper/benchmark/snmCseq3/04.bhmem_bam/SRR21549409.calmd.bam	0
SRR21549410	/gpfs/projects/b1042/epifluidlab/yoshii/scnomehic_paper/benchmark/snmCseq3/04.bhmem_bam/SRR21549410.calmd.bam	0
SRR21549411	/gpfs/projects/b1042/epifluidlab/yoshii/scnomehic_paper/benchmark/snmCseq3/04.bhmem_bam/SRR21549411.calmd.bam	0
SRR21549412	/gpfs/projects/b1042/epifluidlab/yoshii/scnomehic_paper/benchmark/snmCseq3/04.bhmem_bam/SRR21549412.calmd.bam	0
SRR21549413	/gpfs/projects/b1042/epifluidlab/yoshii/scnomehic_paper/benchmark/snmCseq3/04.bhmem_bam/SRR21549413.calmd.bam	0
SRR21549415	/gpfs/projects/b1042/epifluidlab/yoshii/scnomehic_paper/benchmark/snmCseq3/04.bhmem_bam/SRR21549415.calmd.bam	0
SRR21549416	/gpfs/projects/b1042/epifluidlab/yoshii/scnomehic_paper/benchmark/snmCseq3/04.bhmem_bam/SRR21549416.calmd.bam	0
SRR21549418	/gpfs/projects/b1042/epifluidlab/yoshii/scnomehic_paper/benchmark/snmCseq3/04.bhmem_bam/SRR21549418.calmd.bam	0
SRR21549419	/gpfs/projects/b1042/epifluidlab/yoshii/scnomehic_paper/benchmark/snmCseq3/04.bhmem_bam/SRR21549419.calmd.bam	0
SRR21549420	/gpfs/projects/b1042/epifluidlab/yoshii/scnomehic_paper/benchmark/snmCseq3/04.bhmem_bam/SRR21549420.calmd.bam	0
SRR21549421	/gpfs/projects/b1042/epifluidlab/yoshii/scnomehic_paper/benchmark/snmCseq3/04.bhmem_bam/SRR21549421.calmd.bam	0
SRR21549423	/gpfs/projects/b1042/epifluidlab/yoshii/scnomehic_paper/benchmark/snmCseq3/04.bhmem_bam/SRR21549423.calmd.bam	0
SRR21549424	/gpfs/projects/b1042/epifluidlab/yoshii/scnomehic_paper/benchmark/snmCseq3/04.bhmem_bam/SRR21549424.calmd.bam	0
SRR21549426	/gpfs/projects/b1042/epifluidlab/yoshii/scnomehic_paper/benchmark/snmCseq3/04.bhmem_bam/SRR21549426.calmd.bam	0
SRR21549427	/gpfs/projects/b1042/epifluidlab/yoshii/scnomehic_paper/benchmark/snmCseq3/04.bhmem_bam/SRR21549427.calmd.bam	0
SRR21549428	/gpfs/projects/b1042/epifluidlab/yoshii/scnomehic_paper/benchmark/snmCseq3/04.bhmem_bam/SRR21549428.calmd.bam	0
SRR21549430	/gpfs/projects/b1042/epifluidlab/yoshii/scnomehic_paper/benchmark/snmCseq3/04.bhmem_bam/SRR21549430.calmd.bam	0
SRR21549431	/gpfs/projects/b1042/epifluidlab/yoshii/scnomehic_paper/benchmark/snmCseq3/04.bhmem_bam/SRR21549431.calmd.bam	0
SRR21549436	/gpfs/projects/b1042/epifluidlab/yoshii/scnomehic_paper/benchmark/snmCseq3/04.bhmem_bam/SRR21549436.calmd.bam	0
SRR21549437	/gpfs/projects/b1042/epifluidlab/yoshii/scnomehic_paper/benchmark/snmCseq3/04.bhmem_bam/SRR21549437.calmd.bam	0
SRR21549438	/gpfs/projects/b1042/epifluidlab/yoshii/scnomehic_paper/benchmark/snmCseq3/04.bhmem_bam/SRR21549438.calmd.bam	0
SRR21549439	/gpfs/projects/b1042/epifluidlab/yoshii/scnomehic_paper/benchmark/snmCseq3/04.bhmem_bam/SRR21549439.calmd.bam	0
