SRR7770877	/gpfs/projects/b1042/epifluidlab/yoshii/scnomehic_paper/benchmark/methylhic/alignment/Group45/allc/SRR7770877.allc.tsv.gz
SRR7770833	/gpfs/projects/b1042/epifluidlab/yoshii/scnomehic_paper/benchmark/methylhic/alignment/Group4/allc/SRR7770833.allc.tsv.gz
SRR7770878	/gpfs/projects/b1042/epifluidlab/yoshii/scnomehic_paper/benchmark/methylhic/alignment/Group8/allc/SRR7770878.allc.tsv.gz
SRR7770875	/gpfs/projects/b1042/epifluidlab/yoshii/scnomehic_paper/benchmark/methylhic/alignment/Group38/allc/SRR7770875.allc.tsv.gz
SRR7770869	/gpfs/projects/b1042/epifluidlab/yoshii/scnomehic_paper/benchmark/methylhic/alignment/Group44/allc/SRR7770869.allc.tsv.gz
SRR7770827	/gpfs/projects/b1042/epifluidlab/yoshii/scnomehic_paper/benchmark/methylhic/alignment/Group50/allc/SRR7770827.allc.tsv.gz
SRR7770867	/gpfs/projects/b1042/epifluidlab/yoshii/scnomehic_paper/benchmark/methylhic/alignment/Group43/allc/SRR7770867.allc.tsv.gz
SRR7770838	/gpfs/projects/b1042/epifluidlab/yoshii/scnomehic_paper/benchmark/methylhic/alignment/Group26/allc/SRR7770838.allc.tsv.gz
SRR7770835	/gpfs/projects/b1042/epifluidlab/yoshii/scnomehic_paper/benchmark/methylhic/alignment/Group19/allc/SRR7770835.allc.tsv.gz
SRR7770856	/gpfs/projects/b1042/epifluidlab/yoshii/scnomehic_paper/benchmark/methylhic/alignment/Group25/allc/SRR7770856.allc.tsv.gz
SRR7770850	/gpfs/projects/b1042/epifluidlab/yoshii/scnomehic_paper/benchmark/methylhic/alignment/Group2/allc/SRR7770850.allc.tsv.gz
SRR7770861	/gpfs/projects/b1042/epifluidlab/yoshii/scnomehic_paper/benchmark/methylhic/alignment/Group31/allc/SRR7770861.allc.tsv.gz
SRR7770836	/gpfs/projects/b1042/epifluidlab/yoshii/scnomehic_paper/benchmark/methylhic/alignment/Group6/allc/SRR7770836.allc.tsv.gz
SRR7770851	/gpfs/projects/b1042/epifluidlab/yoshii/scnomehic_paper/benchmark/methylhic/alignment/Group24/allc/SRR7770851.allc.tsv.gz
SRR7770825	/gpfs/projects/b1042/epifluidlab/yoshii/scnomehic_paper/benchmark/methylhic/alignment/Group30/allc/SRR7770825.allc.tsv.gz
SRR7770857	/gpfs/projects/b1042/epifluidlab/yoshii/scnomehic_paper/benchmark/methylhic/alignment/Group47/allc/SRR7770857.allc.tsv.gz
SRR7770831	/gpfs/projects/b1042/epifluidlab/yoshii/scnomehic_paper/benchmark/methylhic/alignment/Group53/allc/SRR7770831.allc.tsv.gz
SRR7770874	/gpfs/projects/b1042/epifluidlab/yoshii/scnomehic_paper/benchmark/methylhic/alignment/Group12/allc/SRR7770874.allc.tsv.gz
SRR7770854	/gpfs/projects/b1042/epifluidlab/yoshii/scnomehic_paper/benchmark/methylhic/alignment/Group46/allc/SRR7770854.allc.tsv.gz
SRR7770858	/gpfs/projects/b1042/epifluidlab/yoshii/scnomehic_paper/benchmark/methylhic/alignment/Group52/allc/SRR7770858.allc.tsv.gz
SRR7770834	/gpfs/projects/b1042/epifluidlab/yoshii/scnomehic_paper/benchmark/methylhic/alignment/Group0/allc/SRR7770834.allc.tsv.gz
SRR7770849	/gpfs/projects/b1042/epifluidlab/yoshii/scnomehic_paper/benchmark/methylhic/alignment/Group11/allc/SRR7770849.allc.tsv.gz
SRR7770876	/gpfs/projects/b1042/epifluidlab/yoshii/scnomehic_paper/benchmark/methylhic/alignment/Group51/allc/SRR7770876.allc.tsv.gz
SRR7770828	/gpfs/projects/b1042/epifluidlab/yoshii/scnomehic_paper/benchmark/methylhic/alignment/Group10/allc/SRR7770828.allc.tsv.gz
SRR7770837	/gpfs/projects/b1042/epifluidlab/yoshii/scnomehic_paper/benchmark/methylhic/alignment/Group7/allc/SRR7770837.allc.tsv.gz
SRR7770829	/gpfs/projects/b1042/epifluidlab/yoshii/scnomehic_paper/benchmark/methylhic/alignment/Group28/allc/SRR7770829.allc.tsv.gz
SRR7770823	/gpfs/projects/b1042/epifluidlab/yoshii/scnomehic_paper/benchmark/methylhic/alignment/Group34/allc/SRR7770823.allc.tsv.gz
SRR7770860	/gpfs/projects/b1042/epifluidlab/yoshii/scnomehic_paper/benchmark/methylhic/alignment/Group27/allc/SRR7770860.allc.tsv.gz
SRR7770847	/gpfs/projects/b1042/epifluidlab/yoshii/scnomehic_paper/benchmark/methylhic/alignment/Group33/allc/SRR7770847.allc.tsv.gz
SRR7770840	/gpfs/projects/b1042/epifluidlab/yoshii/scnomehic_paper/benchmark/methylhic/alignment/Group32/allc/SRR7770840.allc.tsv.gz
SRR7770870	/gpfs/projects/b1042/epifluidlab/yoshii/scnomehic_paper/benchmark/methylhic/alignment/Group56/allc/SRR7770870.allc.tsv.gz
SRR7770853	/gpfs/projects/b1042/epifluidlab/yoshii/scnomehic_paper/benchmark/methylhic/alignment/Group15/allc/SRR7770853.allc.tsv.gz
SRR7770871	/gpfs/projects/b1042/epifluidlab/yoshii/scnomehic_paper/benchmark/methylhic/alignment/Group1/allc/SRR7770871.allc.tsv.gz
SRR7770846	/gpfs/projects/b1042/epifluidlab/yoshii/scnomehic_paper/benchmark/methylhic/alignment/Group49/allc/SRR7770846.allc.tsv.gz
SRR7770844	/gpfs/projects/b1042/epifluidlab/yoshii/scnomehic_paper/benchmark/methylhic/alignment/Group55/allc/SRR7770844.allc.tsv.gz
SRR7770864	/gpfs/projects/b1042/epifluidlab/yoshii/scnomehic_paper/benchmark/methylhic/alignment/Group5/allc/SRR7770864.allc.tsv.gz
SRR7770880	/gpfs/projects/b1042/epifluidlab/yoshii/scnomehic_paper/benchmark/methylhic/alignment/Group14/allc/SRR7770880.allc.tsv.gz
SRR7770852	/gpfs/projects/b1042/epifluidlab/yoshii/scnomehic_paper/benchmark/methylhic/alignment/Group20/allc/SRR7770852.allc.tsv.gz
SRR7770868	/gpfs/projects/b1042/epifluidlab/yoshii/scnomehic_paper/benchmark/methylhic/alignment/Group9/allc/SRR7770868.allc.tsv.gz
SRR7770822	/gpfs/projects/b1042/epifluidlab/yoshii/scnomehic_paper/benchmark/methylhic/alignment/Group48/allc/SRR7770822.allc.tsv.gz
SRR7770859	/gpfs/projects/b1042/epifluidlab/yoshii/scnomehic_paper/benchmark/methylhic/alignment/Group54/allc/SRR7770859.allc.tsv.gz
SRR7770855	/gpfs/projects/b1042/epifluidlab/yoshii/scnomehic_paper/benchmark/methylhic/alignment/Group13/allc/SRR7770855.allc.tsv.gz
SRR7770865	/gpfs/projects/b1042/epifluidlab/yoshii/scnomehic_paper/benchmark/methylhic/alignment/Group37/allc/SRR7770865.allc.tsv.gz
SRR7770845	/gpfs/projects/b1042/epifluidlab/yoshii/scnomehic_paper/benchmark/methylhic/alignment/Group36/allc/SRR7770845.allc.tsv.gz
SRR7770843	/gpfs/projects/b1042/epifluidlab/yoshii/scnomehic_paper/benchmark/methylhic/alignment/Group42/allc/SRR7770843.allc.tsv.gz
SRR7770872	/gpfs/projects/b1042/epifluidlab/yoshii/scnomehic_paper/benchmark/methylhic/alignment/Group29/allc/SRR7770872.allc.tsv.gz
SRR7770842	/gpfs/projects/b1042/epifluidlab/yoshii/scnomehic_paper/benchmark/methylhic/alignment/Group35/allc/SRR7770842.allc.tsv.gz
SRR7770866	/gpfs/projects/b1042/epifluidlab/yoshii/scnomehic_paper/benchmark/methylhic/alignment/Group3/allc/SRR7770866.allc.tsv.gz
SRR7770830	/gpfs/projects/b1042/epifluidlab/yoshii/scnomehic_paper/benchmark/methylhic/alignment/Group41/allc/SRR7770830.allc.tsv.gz
SRR7770841	/gpfs/projects/b1042/epifluidlab/yoshii/scnomehic_paper/benchmark/methylhic/alignment/Group18/allc/SRR7770841.allc.tsv.gz
SRR7770839	/gpfs/projects/b1042/epifluidlab/yoshii/scnomehic_paper/benchmark/methylhic/alignment/Group40/allc/SRR7770839.allc.tsv.gz
SRR7770863	/gpfs/projects/b1042/epifluidlab/yoshii/scnomehic_paper/benchmark/methylhic/alignment/Group58/allc/SRR7770863.allc.tsv.gz
SRR7770873	/gpfs/projects/b1042/epifluidlab/yoshii/scnomehic_paper/benchmark/methylhic/alignment/Group17/allc/SRR7770873.allc.tsv.gz
SRR7770832	/gpfs/projects/b1042/epifluidlab/yoshii/scnomehic_paper/benchmark/methylhic/alignment/Group23/allc/SRR7770832.allc.tsv.gz
SRR7770824	/gpfs/projects/b1042/epifluidlab/yoshii/scnomehic_paper/benchmark/methylhic/alignment/Group57/allc/SRR7770824.allc.tsv.gz
SRR7770826	/gpfs/projects/b1042/epifluidlab/yoshii/scnomehic_paper/benchmark/methylhic/alignment/Group16/allc/SRR7770826.allc.tsv.gz
SRR7770862	/gpfs/projects/b1042/epifluidlab/yoshii/scnomehic_paper/benchmark/methylhic/alignment/Group22/allc/SRR7770862.allc.tsv.gz
SRR7770848	/gpfs/projects/b1042/epifluidlab/yoshii/scnomehic_paper/benchmark/methylhic/alignment/Group21/allc/SRR7770848.allc.tsv.gz
SRR7770879	/gpfs/projects/b1042/epifluidlab/yoshii/scnomehic_paper/benchmark/methylhic/alignment/Group39/allc/SRR7770879.allc.tsv.gz
